lr,entropy_coef,n_steps,n_epochs,gamma,clip_eps,normalize_rewards,wins,win_rate_pct,rank,episodes
0.001,0.0,128,6,0.95,0.3,True,940,31.33,2,3000
0.003,0.001,128,10,0.95,0.2,False,931,31.03,2,3000
0.001,0.001,512,6,0.99,0.1,False,921,30.70,2,3000
0.001,0.001,128,2,0.95,0.3,True,918,30.60,2,3000
0.003,0.001,128,2,0.95,0.2,True,907,30.23,2,3000
0.003,0.0,256,2,0.95,0.3,False,894,29.80,2,3000
0.001,0.0,128,6,0.95,0.1,True,892,29.73,2,3000
0.001,0.01,256,4,0.95,0.3,True,888,29.60,2,3000
0.001,0.0,128,6,0.95,0.1,False,884,29.47,2,3000
0.001,0.001,256,2,0.95,0.2,False,883,29.43,2,3000
0.001,0.001,128,2,0.95,0.15,True,881,29.37,2,3000
0.003,0.01,512,4,0.99,0.1,False,874,29.13,2,3000
0.001,0.001,256,2,0.99,0.3,False,873,29.10,2,3000
0.001,0.0,1024,2,0.95,0.3,False,873,29.10,2,3000
0.003,0.001,128,10,0.95,0.2,True,871,29.03,2,3000
0.003,0.001,128,10,0.95,0.3,False,869,28.97,2,3000
0.0003,0.001,512,4,0.95,0.1,False,865,28.83,2,3000
0.001,0.01,256,4,0.95,0.15,False,863,28.77,2,3000
0.001,0.0,128,6,0.95,0.15,True,863,28.77,2,3000
0.003,0.001,128,2,0.95,0.2,False,858,28.60,2,3000
0.001,0.01,256,6,0.99,0.2,False,855,28.50,2,3000
0.001,0.01,256,6,0.95,0.15,False,854,28.47,2,3000
0.0003,0.01,512,10,0.95,0.2,False,852,28.40,2,3000
0.003,0.0,256,2,0.99,0.1,False,849,28.30,2,3000
0.0003,0.001,512,4,0.95,0.2,False,847,28.23,2,3000
0.001,0.0,128,6,0.99,0.3,True,843,28.10,2,3000
0.003,0.001,128,10,0.95,0.15,False,842,28.07,2,3000
0.0003,0.0,512,6,0.95,0.15,False,841,28.03,2,3000
0.0003,0.01,512,10,0.99,0.3,False,841,28.03,2,3000
0.003,0.01,512,4,0.99,0.3,False,841,28.03,2,3000
0.0003,0.001,512,4,0.95,0.15,False,839,27.97,2,3000
0.001,0.01,256,4,0.99,0.3,True,838,27.93,2,3000
0.001,0.0,128,6,0.95,0.3,False,835,27.83,2,3000
0.0003,0.0,512,6,0.99,0.2,True,834,27.80,2,3000
0.001,0.001,128,2,0.95,0.15,False,833,27.77,2,3000
0.001,0.001,256,2,0.95,0.1,True,832,27.73,2,3000
0.001,0.01,256,6,0.99,0.15,False,831,27.70,2,3000
0.001,0.01,256,4,0.99,0.15,False,831,27.70,2,3000
0.001,0.01,256,6,0.99,0.15,True,830,27.67,2,3000
0.003,0.001,128,2,0.95,0.15,True,821,27.37,2,3000
0.003,0.0,256,10,0.95,0.2,False,819,27.30,2,3000
0.0003,0.001,512,4,0.95,0.1,True,819,27.30,2,3000
0.0003,0.001,512,4,0.99,0.1,False,819,27.30,2,3000
0.001,0.0,128,6,0.99,0.2,False,818,27.27,2,3000
0.003,0.001,128,2,0.95,0.1,True,815,27.17,2,3000
0.001,0.001,512,6,0.99,0.3,False,815,27.17,2,3000
0.001,0.001,128,2,0.95,0.2,True,813,27.10,2,3000
0.001,0.001,256,2,0.99,0.2,False,812,27.07,2,3000
0.0003,0.0,512,10,0.95,0.2,True,812,27.07,2,3000
0.003,0.001,128,2,0.99,0.3,False,809,26.97,2,3000
0.0003,0.01,512,10,0.99,0.2,False,809,26.97,2,3000
0.0003,0.01,128,10,0.99,0.3,False,808,26.93,2,3000
0.003,0.0,256,2,0.95,0.15,True,808,26.93,2,3000
0.003,0.001,128,10,0.99,0.15,False,808,26.93,2,3000
0.0001,0.01,256,2,0.99,0.3,False,805,26.83,2,3000
0.001,0.001,512,6,0.95,0.2,True,802,26.73,2,3000
0.001,0.0,128,6,0.99,0.15,False,802,26.73,2,3000
0.001,0.001,256,2,0.95,0.2,True,801,26.70,2,3000
0.001,0.01,256,6,0.95,0.2,True,801,26.70,2,3000
0.0003,0.01,128,10,0.95,0.1,False,800,26.67,2,3000
0.001,0.01,256,4,0.95,0.3,False,800,26.67,2,3000
0.0003,0.0,512,6,0.95,0.2,False,796,26.53,2,3000
0.003,0.0,256,2,0.95,0.2,False,796,26.53,2,3000
0.0003,0.0,512,10,0.99,0.3,False,796,26.53,2,3000
0.001,0.001,256,2,0.95,0.3,True,795,26.50,2,3000
0.001,0.001,256,2,0.95,0.15,True,793,26.43,2,3000
0.001,0.001,128,2,0.95,0.1,False,793,26.43,2,3000
0.0003,0.001,512,4,0.95,0.3,False,792,26.40,2,3000
0.0003,0.01,128,10,0.95,0.1,True,791,26.37,2,3000
0.001,0.001,512,6,0.99,0.15,False,791,26.37,2,3000
0.0001,0.001,1024,10,0.99,0.15,False,790,26.33,2,3000
0.0003,0.001,512,4,0.99,0.2,False,789,26.30,2,3000
0.001,0.001,256,2,0.95,0.1,False,788,26.27,2,3000
0.001,0.01,256,4,0.99,0.3,False,788,26.27,2,3000
0.0003,0.0,512,10,0.99,0.15,False,788,26.27,2,3000
0.0001,0.01,512,10,0.99,0.1,True,787,26.23,2,3000
0.001,0.001,128,2,0.99,0.2,True,787,26.23,2,3000
0.001,0.01,256,4,0.95,0.2,False,787,26.23,2,3000
0.001,0.01,256,4,0.99,0.2,True,787,26.23,2,3000
0.001,0.0,128,6,0.99,0.15,True,785,26.17,2,3000
0.001,0.001,128,2,0.99,0.15,True,783,26.10,2,3000
0.003,0.0,256,10,0.99,0.1,False,783,26.10,2,3000
0.0003,0.01,128,10,0.95,0.3,True,781,26.03,2,3000
0.001,0.0,128,6,0.95,0.2,True,779,25.97,2,3000
0.0001,0.01,512,10,0.99,0.1,False,778,25.93,2,3000
0.001,0.001,128,2,0.95,0.3,False,778,25.93,2,3000
0.003,0.0,256,2,0.99,0.15,False,778,25.93,2,3000
0.0003,0.01,512,10,0.99,0.3,True,777,25.90,2,3000
0.003,0.01,512,4,0.99,0.15,False,777,25.90,2,3000
0.0003,0.0,512,6,0.95,0.15,True,776,25.87,2,3000
0.0003,0.0,512,6,0.99,0.3,True,776,25.87,2,3000
0.001,0.001,512,6,0.99,0.2,True,776,25.87,2,3000
0.0003,0.01,128,10,0.99,0.2,True,775,25.83,2,3000
0.0001,0.001,1024,10,0.99,0.1,True,775,25.83,2,3000
0.003,0.0,256,2,0.99,0.3,False,774,25.80,2,3000
0.0003,0.0,512,10,0.95,0.1,True,773,25.77,2,3000
0.001,0.01,256,6,0.99,0.2,True,772,25.73,2,3000
0.0001,0.001,1024,10,0.99,0.2,False,772,25.73,2,3000
0.0003,0.001,512,4,0.95,0.3,True,771,25.70,2,3000
0.0003,0.01,128,10,0.95,0.3,False,769,25.63,2,3000
0.0001,0.01,512,10,0.99,0.2,False,768,25.60,2,3000
0.001,0.01,256,4,0.99,0.1,False,768,25.60,2,3000
0.003,0.0,256,10,0.95,0.3,True,768,25.60,2,3000
0.001,0.0,1024,2,0.99,0.3,True,768,25.60,2,3000
0.0001,0.01,512,10,0.95,0.3,False,767,25.57,2,3000
0.003,0.0,256,2,0.99,0.2,False,767,25.57,2,3000
0.003,0.01,512,4,0.95,0.3,True,767,25.57,2,3000
0.0003,0.01,128,10,0.95,0.2,True,765,25.50,2,3000
0.003,0.001,128,2,0.95,0.15,False,765,25.50,2,3000
0.0003,0.001,512,4,0.99,0.1,True,765,25.50,2,3000
0.001,0.01,256,4,0.95,0.15,True,764,25.47,2,3000
0.0003,0.0,512,6,0.99,0.2,False,763,25.43,2,3000
0.0003,0.001,512,4,0.99,0.15,True,763,25.43,2,3000
0.0001,0.01,256,2,0.99,0.15,False,763,25.43,2,3000
0.0001,0.001,1024,10,0.95,0.3,True,762,25.40,2,3000
0.0003,0.01,128,10,0.95,0.2,False,756,25.20,2,3000
0.001,0.01,256,6,0.95,0.3,True,755,25.17,2,3000
0.001,0.001,512,6,0.95,0.3,True,755,25.17,2,3000
0.0003,0.0,512,10,0.99,0.15,True,755,25.17,2,3000
0.001,0.001,128,2,0.99,0.1,True,752,25.07,2,3000
0.003,0.001,128,10,0.95,0.1,False,751,25.03,2,3000
0.001,0.001,256,2,0.99,0.2,True,750,25.00,2,3000
0.0003,0.0,512,10,0.95,0.3,False,750,25.00,2,3000
0.001,0.0,128,6,0.99,0.1,False,747,24.90,2,3000
0.003,0.0,256,2,0.99,0.3,True,746,24.87,2,3000
0.0001,0.01,256,2,0.95,0.1,False,746,24.87,2,3000
0.001,0.01,256,6,0.99,0.1,True,744,24.80,2,3000
0.003,0.001,128,2,0.99,0.2,True,744,24.80,2,3000
0.001,0.01,256,6,0.99,0.1,False,742,24.73,2,3000
0.0001,0.01,512,10,0.99,0.15,True,742,24.73,2,3000
0.001,0.001,256,2,0.99,0.15,True,738,24.60,2,3000
0.0001,0.01,512,10,0.95,0.15,True,738,24.60,2,3000
0.001,0.01,256,4,0.95,0.1,False,738,24.60,2,3000
0.001,0.0,1024,2,0.95,0.15,True,738,24.60,2,3000
0.0001,0.01,512,10,0.99,0.3,True,736,24.53,2,3000
0.003,0.001,128,2,0.95,0.3,False,736,24.53,2,3000
0.0001,0.01,512,10,0.95,0.1,True,735,24.50,2,3000
0.0003,0.01,128,10,0.95,0.15,False,734,24.47,2,3000
0.001,0.01,256,4,0.99,0.2,False,733,24.43,2,3000
0.0003,0.001,512,4,0.99,0.15,False,731,24.37,2,3000
0.003,0.01,512,4,0.99,0.2,False,731,24.37,2,3000
0.003,0.001,128,10,0.99,0.2,True,729,24.30,2,3000
0.003,0.0,256,10,0.95,0.2,True,726,24.20,2,3000
0.0001,0.001,1024,10,0.99,0.3,False,725,24.17,2,3000
0.0003,0.001,512,4,0.99,0.3,True,725,24.17,2,3000
0.0003,0.01,128,10,0.95,0.15,True,724,24.13,2,3000
0.0003,0.001,512,4,0.95,0.15,True,724,24.13,2,3000
0.001,0.0,1024,2,0.95,0.2,True,723,24.10,2,3000
0.0003,0.01,128,10,0.99,0.3,True,721,24.03,2,3000
0.003,0.0,256,10,0.99,0.3,False,720,24.00,2,3000
0.0001,0.01,512,10,0.95,0.3,True,719,23.97,2,3000
0.0003,0.0,512,10,0.99,0.2,False,716,23.87,2,3000
0.001,0.01,256,6,0.95,0.3,False,715,23.83,2,3000
0.003,0.001,128,10,0.95,0.1,True,715,23.83,2,3000
0.0003,0.01,128,10,0.99,0.15,True,714,23.80,2,3000
0.0003,0.001,512,4,0.99,0.2,True,714,23.80,2,3000
0.0003,0.0,512,6,0.95,0.3,True,712,23.73,2,3000
0.0001,0.01,512,10,0.99,0.3,False,711,23.70,2,3000
0.001,0.0,1024,2,0.99,0.3,False,710,23.67,2,3000
0.0003,0.001,512,4,0.95,0.2,True,709,23.63,2,3000
0.001,0.001,256,2,0.99,0.3,True,708,23.60,2,3000
0.0003,0.01,512,10,0.99,0.15,False,708,23.60,2,3000
0.003,0.0,256,10,0.95,0.15,True,707,23.57,2,3000
0.0001,0.001,1024,10,0.99,0.15,True,705,23.50,2,3000
0.001,0.01,256,4,0.95,0.2,True,703,23.43,2,3000
0.0003,0.001,512,4,0.99,0.3,False,702,23.40,2,3000
0.003,0.0,256,2,0.99,0.1,True,701,23.37,2,3000
0.0001,0.001,1024,10,0.99,0.3,True,699,23.30,2,3000
0.0001,0.01,512,10,0.99,0.2,True,698,23.27,2,3000
0.001,0.0,1024,2,0.99,0.2,False,698,23.27,2,3000
0.0003,0.0,512,6,0.99,0.1,False,697,23.23,2,3000
0.001,0.0,1024,2,0.95,0.15,False,696,23.20,2,3000
0.001,0.001,256,2,0.95,0.15,False,695,23.17,2,3000
0.001,0.001,256,2,0.99,0.1,True,695,23.17,2,3000
0.003,0.001,128,10,0.99,0.1,False,693,23.10,2,3000
0.0003,0.0,512,6,0.95,0.2,True,690,23.00,2,3000
0.003,0.0,256,2,0.95,0.3,True,688,22.93,2,3000
0.003,0.0,256,10,0.99,0.15,False,685,22.83,2,3000
0.001,0.01,256,4,0.99,0.1,True,683,22.77,2,3000
0.0001,0.01,256,2,0.99,0.1,True,683,22.77,2,3000
0.0003,0.01,128,10,0.99,0.15,False,681,22.70,2,3000
0.001,0.0,1024,2,0.95,0.3,True,681,22.70,2,3000
0.001,0.001,128,2,0.95,0.1,True,679,22.63,2,3000
0.0001,0.01,512,10,0.95,0.2,False,678,22.60,2,3000
0.0001,0.01,256,2,0.95,0.2,False,676,22.53,2,3000
0.0003,0.0,512,6,0.99,0.3,False,675,22.50,2,3000
0.0003,0.01,128,10,0.99,0.2,False,672,22.40,3,3000
0.0001,0.001,1024,10,0.95,0.2,True,672,22.40,3,3000
0.003,0.01,512,4,0.99,0.15,True,671,22.37,2,3000
0.0001,0.001,1024,10,0.95,0.3,False,668,22.27,2,3000
0.003,0.001,128,2,0.99,0.1,True,667,22.23,2,3000
0.001,0.001,512,6,0.99,0.2,False,665,22.17,2,3000
0.0001,0.01,256,2,0.99,0.2,True,665,22.17,3,3000
0.003,0.0,256,2,0.95,0.1,False,664,22.13,3,3000
0.0001,0.01,256,2,0.95,0.1,True,664,22.13,3,3000
0.001,0.01,256,6,0.95,0.2,False,662,22.07,3,3000
0.0001,0.01,256,2,0.99,0.15,True,659,21.97,3,3000
0.003,0.001,128,2,0.99,0.15,True,658,21.93,3,3000
0.0003,0.0,512,10,0.99,0.1,False,657,21.90,3,3000
0.0003,0.01,512,10,0.99,0.2,True,656,21.87,3,3000
0.001,0.01,256,6,0.95,0.1,False,654,21.80,3,3000
0.0001,0.001,1024,10,0.99,0.2,True,652,21.73,3,3000
0.003,0.0,256,10,0.99,0.2,False,652,21.73,3,3000
0.0003,0.0,512,10,0.95,0.2,False,648,21.60,3,3000
0.0003,0.0,512,6,0.99,0.15,False,647,21.57,3,3000
0.0003,0.01,128,10,0.99,0.1,False,645,21.50,3,3000
0.001,0.001,256,2,0.99,0.1,False,645,21.50,3,3000
0.0003,0.01,512,10,0.95,0.3,True,643,21.43,3,3000
0.0001,0.01,256,2,0.95,0.3,True,642,21.40,3,3000
0.0003,0.0,512,6,0.95,0.3,False,641,21.37,3,3000
0.0001,0.01,256,2,0.99,0.2,False,640,21.33,3,3000
0.0001,0.01,256,2,0.95,0.15,True,638,21.27,3,3000
0.003,0.0,256,10,0.99,0.3,True,636,21.20,3,3000
0.003,0.0,256,10,0.95,0.3,False,635,21.17,3,3000
0.0001,0.01,256,2,0.95,0.2,True,635,21.17,3,3000
0.0001,0.01,512,10,0.95,0.2,True,629,20.97,3,3000
0.0003,0.01,128,10,0.99,0.1,True,627,20.90,3,3000
0.001,0.001,128,2,0.99,0.15,False,626,20.87,3,3000
0.0003,0.0,512,10,0.95,0.15,True,626,20.87,3,3000
0.001,0.001,256,2,0.99,0.15,False,625,20.83,3,3000
0.003,0.001,128,10,0.95,0.15,True,624,20.80,3,3000
0.001,0.001,128,2,0.99,0.2,False,623,20.77,3,3000
0.001,0.001,128,2,0.99,0.3,False,623,20.77,3,3000
0.003,0.0,256,2,0.99,0.15,True,621,20.70,3,3000
0.003,0.01,512,4,0.95,0.2,False,621,20.70,3,3000
0.001,0.01,256,6,0.95,0.15,True,620,20.67,3,3000
0.003,0.001,128,10,0.99,0.2,False,620,20.67,3,3000
0.0003,0.0,512,10,0.95,0.3,True,619,20.63,3,3000
0.001,0.0,128,6,0.99,0.2,True,618,20.60,3,3000
0.001,0.0,128,6,0.95,0.15,False,616,20.53,3,3000
0.003,0.001,128,2,0.99,0.1,False,614,20.47,3,3000
0.003,0.001,128,2,0.99,0.15,False,612,20.40,3,3000
0.001,0.001,128,2,0.99,0.3,True,611,20.37,3,3000
0.003,0.0,256,2,0.95,0.2,True,610,20.33,3,3000
0.0003,0.01,512,10,0.95,0.3,False,610,20.33,3,3000
0.003,0.001,128,10,0.99,0.3,True,610,20.33,3,3000
0.001,0.001,256,2,0.95,0.3,False,609,20.30,3,3000
0.0001,0.01,512,10,0.95,0.15,False,603,20.10,3,3000
0.003,0.0,256,2,0.95,0.15,False,601,20.03,4,3000
0.0001,0.01,256,2,0.95,0.15,False,600,20.00,3,3000
0.0001,0.01,256,2,0.99,0.3,True,592,19.73,4,3000
0.003,0.001,128,2,0.99,0.3,True,591,19.70,4,3000
0.001,0.01,256,4,0.99,0.15,True,591,19.70,4,3000
0.001,0.001,128,2,0.95,0.2,False,590,19.67,4,3000
0.001,0.01,256,4,0.95,0.1,True,589,19.63,4,3000
0.003,0.001,128,10,0.95,0.3,True,587,19.57,4,3000
0.001,0.0,128,6,0.95,0.2,False,584,19.47,4,3000
0.0001,0.01,512,10,0.99,0.15,False,582,19.40,4,3000
0.003,0.01,512,4,0.95,0.3,False,581,19.37,4,3000
0.001,0.0,128,6,0.99,0.3,False,580,19.33,4,3000
0.0001,0.001,1024,10,0.95,0.2,False,577,19.23,4,3000
0.001,0.001,512,6,0.99,0.15,True,576,19.20,4,3000
0.001,0.0,1024,2,0.99,0.1,False,572,19.07,4,3000
0.003,0.001,128,2,0.99,0.2,False,563,18.77,4,3000
0.001,0.001,128,2,0.99,0.1,False,563,18.77,4,3000
0.003,0.001,128,10,0.99,0.3,False,562,18.73,4,3000
0.003,0.001,128,2,0.95,0.1,False,559,18.63,4,3000
0.0003,0.0,512,6,0.99,0.1,True,556,18.53,4,3000
0.003,0.001,128,2,0.95,0.3,True,556,18.53,4,3000
0.001,0.01,256,6,0.99,0.3,False,548,18.27,4,3000
0.0001,0.001,1024,10,0.95,0.15,False,539,17.97,4,3000
0.0003,0.01,512,10,0.99,0.1,False,538,17.93,4,3000
0.0003,0.0,512,10,0.99,0.3,True,538,17.93,4,3000
0.003,0.0,256,2,0.95,0.1,True,535,17.83,4,3000
0.003,0.0,256,10,0.99,0.15,True,527,17.57,4,3000
0.0003,0.0,512,10,0.95,0.15,False,525,17.50,4,3000
0.0001,0.001,1024,10,0.95,0.1,False,524,17.47,4,3000
0.001,0.0,128,6,0.99,0.1,True,523,17.43,4,3000
0.003,0.001,128,10,0.99,0.15,True,523,17.43,4,3000
0.003,0.0,256,2,0.99,0.2,True,516,17.20,4,3000
0.0001,0.01,512,10,0.95,0.1,False,513,17.10,4,3000
0.003,0.0,256,10,0.99,0.2,True,508,16.93,4,3000
0.003,0.01,512,4,0.99,0.3,True,505,16.83,4,3000
0.0001,0.01,256,2,0.95,0.3,False,502,16.73,4,3000
0.0003,0.0,512,6,0.95,0.1,False,496,16.53,4,3000
0.001,0.0,1024,2,0.95,0.1,True,496,16.53,4,3000
0.0003,0.01,512,10,0.95,0.15,False,492,16.40,4,3000
0.001,0.001,512,6,0.95,0.3,False,487,16.23,4,3000
0.0003,0.01,512,10,0.99,0.15,True,487,16.23,4,3000
0.001,0.0,1024,2,0.99,0.2,True,486,16.20,4,3000
0.003,0.0,256,10,0.95,0.15,False,481,16.03,4,3000
0.0001,0.001,1024,10,0.95,0.15,True,477,15.90,4,3000
0.0001,0.001,1024,10,0.99,0.1,False,469,15.63,4,3000
0.003,0.0,256,10,0.95,0.1,False,467,15.57,4,3000
0.001,0.0,1024,2,0.95,0.2,False,459,15.30,4,3000
0.003,0.01,512,4,0.95,0.15,True,444,14.80,4,3000
0.003,0.0,256,10,0.95,0.1,True,439,14.63,4,3000
0.0003,0.01,512,10,0.95,0.15,True,438,14.60,4,3000
0.001,0.01,256,6,0.99,0.3,True,434,14.47,4,3000
0.003,0.0,256,10,0.99,0.1,True,430,14.33,4,3000
0.001,0.001,512,6,0.95,0.15,False,424,14.13,4,3000
0.001,0.01,256,6,0.95,0.1,True,420,14.00,4,3000
0.0003,0.01,512,10,0.99,0.1,True,408,13.60,4,3000
0.0003,0.01,512,10,0.95,0.1,False,407,13.57,4,3000
0.0001,0.001,1024,10,0.95,0.1,True,402,13.40,4,3000
0.001,0.0,1024,2,0.99,0.15,False,397,13.23,4,3000
0.003,0.001,128,10,0.99,0.1,True,390,13.00,4,3000
0.001,0.001,512,6,0.95,0.15,True,389,12.97,4,3000
0.0003,0.01,512,10,0.95,0.2,True,379,12.63,4,3000
0.001,0.001,512,6,0.95,0.2,False,373,12.43,4,3000
0.001,0.001,512,6,0.99,0.3,True,340,11.33,4,3000
0.0003,0.0,512,10,0.99,0.2,True,337,11.23,4,3000
0.003,0.01,512,4,0.95,0.2,True,335,11.17,4,3000
0.001,0.001,512,6,0.95,0.1,False,333,11.10,4,3000
0.0003,0.0,512,6,0.99,0.15,True,330,11.00,4,3000
0.003,0.01,512,4,0.99,0.2,True,324,10.80,4,3000
0.0001,0.01,256,2,0.99,0.1,False,320,10.67,4,3000
0.001,0.0,1024,2,0.95,0.1,False,312,10.40,4,3000
0.0003,0.0,512,10,0.99,0.1,True,309,10.30,4,3000
0.0003,0.0,512,6,0.95,0.1,True,293,9.77,4,3000
0.0003,0.0,512,10,0.95,0.1,False,287,9.57,4,3000
0.003,0.01,512,4,0.99,0.1,True,235,7.83,4,3000
0.001,0.0,1024,2,0.99,0.1,True,231,7.70,4,3000
0.003,0.01,512,4,0.95,0.1,False,221,7.37,4,3000
0.0003,0.01,512,10,0.95,0.1,True,219,7.30,4,3000
0.003,0.01,512,4,0.95,0.15,False,182,6.07,4,3000
0.003,0.01,512,4,0.95,0.1,True,174,5.80,4,3000
0.001,0.001,512,6,0.95,0.1,True,166,5.53,4,3000
0.001,0.0,1024,2,0.99,0.15,True,163,5.43,4,3000
0.001,0.001,512,6,0.99,0.1,True,90,3.00,4,3000
