update_step,decision_type,policy_loss,value_loss,entropy_loss,total_loss
1,buy,-0.0102,0.0822,0.6815,0.0302
2,buy,-0.0429,0.1932,0.637,0.0531
3,buy,-0.0518,0.0911,0.581,-0.0069
4,improve,0.0048,0.1061,0.6408,0.0572
5,buy,0.0271,0.2059,0.4894,0.1296
6,improve,-0.0099,0.1123,0.5876,0.0457
7,buy,-0.0191,0.2462,0.4411,0.1035
8,buy,0.0008,0.1763,0.4145,0.0886
9,improve,-0.0151,0.2815,0.5343,0.1252
10,improve,0.0097,0.0473,0.4934,0.0328
11,buy,-0.0311,0.142,0.4726,0.0394
12,improve,-0.0096,0.2176,0.6096,0.0986
13,buy,0.0017,0.127,0.4841,0.0648
14,improve,-0.0063,0.0853,0.4427,0.036
15,buy,0.0006,0.0969,0.4143,0.0486
16,improve,0.0014,0.1593,0.5603,0.0804
17,buy,0.0017,0.1236,0.3988,0.0632
18,improve,-0.0007,0.2734,0.5022,0.1355
19,buy,-0.0331,0.1027,0.4247,0.0178
20,improve,0.0043,0.0426,0.5346,0.025
21,buy,0.0547,0.1357,0.5306,0.122
22,improve,-0.002,0.0862,0.5475,0.0405
23,buy,-0.0135,0.117,0.5454,0.0444
24,improve,0.0458,0.0801,0.423,0.0854
25,buy,-0.097,0.0893,0.6123,-0.053
26,improve,0.0006,0.2493,0.3576,0.1249
27,improve,0.0001,0.06,0.404,0.0297
28,buy,-0.0017,0.0753,0.6348,0.0354
29,improve,-0.0011,0.0353,0.4238,0.0161
30,buy,0.0087,0.0899,0.5919,0.0531
31,improve,0.0064,0.0429,0.3583,0.0275
32,buy,0.0024,0.1038,0.5499,0.0538
33,improve,0.0046,0.05,0.5581,0.029
34,buy,0.0002,0.098,0.5477,0.0486
35,buy,-0.0097,0.065,0.5581,0.0222
36,improve,-0.002,0.0718,0.4573,0.0334
37,buy,-0.1165,0.1369,0.567,-0.0486
38,improve,0.0026,0.1132,0.5144,0.0587
39,buy,0.0233,0.1021,0.5553,0.0738
40,improve,-0.0043,0.0236,0.4532,0.007
41,buy,-0.0424,0.1678,0.5173,0.041
42,improve,-0.0005,0.2195,0.3668,0.1089
43,buy,0.4748,0.1031,0.4888,0.5258
44,improve,-0.0099,0.0704,0.3038,0.0249
45,buy,-0.0158,0.1277,0.5456,0.0475
46,improve,0.0477,0.1164,0.2736,0.1056
47,buy,-0.0178,0.0938,0.5335,0.0286
48,improve,-0.0152,0.0594,0.3061,0.0142
49,buy,-0.0002,0.0999,0.5203,0.0493
50,improve,-0.0084,0.0721,0.3677,0.0273
51,buy,-0.0082,0.1467,0.5493,0.0646
52,improve,0.0033,0.0702,0.2901,0.0381
53,buy,-0.0269,0.1412,0.4754,0.0432
54,improve,0.0056,0.0476,0.1316,0.0293
55,improve,-0.0141,0.0278,0.2703,-0.0005
56,buy,0.0273,0.0854,0.4034,0.0696
57,improve,0.0041,0.2248,0.2224,0.1163
58,improve,-0.0056,0.0242,0.2123,0.0063
59,buy,-0.2374,0.0801,0.4076,-0.1978
60,improve,-0.0052,0.0814,0.165,0.0353
61,buy,0.0469,0.1454,0.3553,0.1193
62,improve,-0.0012,0.0461,0.1778,0.0217
63,buy,-0.0082,0.1396,0.3158,0.0613
64,improve,0.0354,0.0497,0.3111,0.06
65,improve,0.0241,0.0108,0.1233,0.0293
66,buy,0.0441,0.1323,0.2506,0.11
67,improve,0.0018,0.0839,0.1699,0.0436
68,improve,-0.0001,0.0177,0.2114,0.0085
69,buy,-0.0548,0.1505,0.2286,0.0203
70,improve,-0.002,0.046,0.1622,0.0209
71,improve,-0.0001,0.1671,0.1447,0.0833
72,improve,-0.0032,0.0857,0.1035,0.0395
73,buy,-0.0132,0.1943,0.185,0.0838
74,improve,0.228,0.1154,0.156,0.2855
75,improve,0.0183,0.0282,0.1358,0.0323
76,improve,-0.0084,0.0282,0.1507,0.0056
77,buy,-0.0003,0.1938,0.1968,0.0964
78,improve,-0.0019,0.0067,0.1564,0.0012
79,improve,0.0078,0.0975,0.1224,0.0564
80,improve,-0.0121,0.0583,0.1034,0.017
81,buy,0.0236,0.1572,0.1927,0.102
82,improve,-0.0349,0.0415,0.1353,-0.0143
83,buy,0.0365,0.1494,0.1708,0.111
84,improve,-0.0038,0.0121,0.0574,0.0022
85,buy,-0.0009,0.163,0.1487,0.0805
86,improve,-0.0302,0.2344,0.0176,0.087
87,improve,0.0104,0.052,0.0575,0.0363
88,buy,-0.1443,0.4065,0.1374,0.0588
89,improve,-0.0058,0.0614,0.058,0.0248
90,buy,-0.0889,0.155,0.1196,-0.0115
91,improve,0.0006,0.0181,0.0939,0.0095
92,buy,0.0906,0.234,0.1219,0.2075
93,improve,-0.0034,0.0176,0.0412,0.0053
94,buy,0.0743,0.2067,0.0989,0.1775
95,improve,0.016,0.1583,0.0246,0.0951
96,buy,-0.008,0.254,0.0943,0.1189
97,improve,0.0073,0.0268,0.0322,0.0207
98,buy,-0.0018,0.2677,0.095,0.1319
99,improve,-0.0007,0.0349,0.0302,0.0167
100,buy,0.0671,0.2424,0.0914,0.1882
101,improve,-0.0126,0.0364,0.062,0.0055
102,improve,-0.0334,0.032,0.0462,-0.0175
103,improve,-0.0109,0.0104,0.0465,-0.0057
104,buy,0.118,0.2249,0.0958,0.2304
105,improve,0.0111,0.0412,0.0395,0.0316
106,buy,-0.1095,0.1627,0.1049,-0.0283
107,improve,-0.0087,0.0076,0.0276,-0.005
108,improve,-0.0091,0.0127,0.0263,-0.0028
109,buy,-0.0221,0.1739,0.0952,0.0647
110,improve,-0.0082,0.1519,0.0391,0.0677
111,buy,-0.0045,0.1451,0.1019,0.0679
112,improve,-0.0138,0.0158,0.03,-0.006
113,buy,0.0341,0.1654,0.1108,0.1167
114,improve,0.0038,0.0311,0.0256,0.0194
115,buy,-0.0018,0.348,0.1169,0.1721
116,improve,0.0022,0.0328,0.0354,0.0186
117,improve,0.069,0.0427,0.0221,0.0903
118,improve,-0.0185,0.0089,0.032,-0.0141
119,improve,-0.002,0.0096,0.0153,0.0027
120,improve,-0.0089,0.0243,0.0215,0.0032
121,improve,-0.0076,0.0398,0.0235,0.0122
122,buy,0.0012,0.2101,0.1164,0.1061
123,improve,-0.0811,0.0809,0.044,-0.0407
124,improve,0.0147,0.0068,0.0279,0.0181
125,improve,-0.0449,0.0041,0.0196,-0.0429
126,improve,0.0033,0.01,0.0152,0.0083
127,buy,-0.0067,0.1517,0.1228,0.069
128,improve,0.0245,0.059,0.0161,0.054
129,buy,0.0004,0.2311,0.1193,0.1158
130,improve,0.0495,0.0044,0.0081,0.0517
131,buy,-0.0002,0.1037,0.1303,0.0515
132,improve,-0.0035,0.0186,0.02,0.0058
133,buy,0.0265,0.1237,0.1071,0.0883
134,improve,0.0002,0.0234,0.0162,0.0118
135,buy,0.0002,0.1908,0.1506,0.0955
136,improve,0.006,0.0164,0.0285,0.0142
137,buy,0.0118,0.1506,0.1602,0.087
138,improve,0.0054,0.0413,0.0392,0.026
139,buy,0.1784,0.2057,0.1559,0.2811
140,improve,-0.0012,0.0141,0.0137,0.0058
141,buy,-0.0237,0.1795,0.1782,0.0659
142,improve,0.0048,0.0701,0.0113,0.0398
143,buy,-0.0141,0.1697,0.1795,0.0706
144,improve,-0.0058,0.0511,0.028,0.0197
145,buy,0.0155,0.19,0.2112,0.1103
146,buy,0.2201,0.1372,0.2062,0.2885
147,improve,-0.0083,0.0638,0.0081,0.0236
148,buy,0.0158,0.1506,0.2313,0.0909
149,improve,-0.0078,0.0821,0.0297,0.0332
150,buy,0.0345,0.1541,0.2322,0.1113
151,improve,0.0044,0.0364,0.0118,0.0226
152,improve,0.0002,0.0148,0.0143,0.0076
153,buy,0.0051,0.1666,0.2037,0.0882
154,improve,0.0047,0.0943,0.0106,0.0518
155,improve,-0.0072,0.0143,0.0072,-0.0001
156,buy,0.0227,0.147,0.1944,0.096
157,improve,0.0014,0.0701,0.0133,0.0364
158,buy,0.0131,0.2714,0.1655,0.1486
159,improve,-0.0024,0.0368,0.0095,0.016
160,improve,-0.0034,0.1062,0.0152,0.0497
161,buy,0.0368,0.2342,0.1765,0.1537
162,improve,0.01,0.0558,0.0094,0.0378
163,improve,-0.0271,0.0555,0.0173,0.0007
164,buy,-0.0,0.2078,0.1854,0.1037
165,improve,-0.0008,0.0276,0.0095,0.013
166,improve,-0.025,0.0254,0.0093,-0.0123
167,buy,-0.018,0.1335,0.2178,0.0485
168,improve,0.005,0.0716,0.0131,0.0408
169,buy,0.0043,0.2683,0.2107,0.1382
170,improve,0.006,0.0383,0.0068,0.0251
171,improve,0.021,0.1863,0.0053,0.1142
172,improve,-0.0079,0.0196,0.0098,0.0019
173,buy,0.0725,0.2278,0.1911,0.1862
174,improve,0.0164,0.0618,0.0116,0.0473
175,improve,-0.0146,0.0085,0.0058,-0.0103
176,improve,-0.0072,0.0097,0.0057,-0.0023
177,buy,-0.0266,0.127,0.1832,0.0367
178,improve,0.0438,0.0477,0.0075,0.0676
179,improve,0.0319,0.0394,0.0064,0.0516
180,improve,0.066,0.0096,0.0112,0.0708
181,buy,0.0099,0.1447,0.2119,0.0821
182,improve,-0.0587,0.0529,0.0075,-0.0322
183,buy,0.0042,0.253,0.2006,0.1305
184,improve,0.0005,0.037,0.0082,0.019
185,improve,0.0011,0.0089,0.0114,0.0055
186,buy,-0.11,0.2425,0.2006,0.0111
187,improve,-0.0012,0.0938,0.0062,0.0457
188,buy,0.1139,0.1868,0.2254,0.2071
189,improve,0.0009,0.0736,0.0082,0.0377
190,buy,0.0295,0.2017,0.2587,0.1301
191,improve,0.0084,0.0825,0.0247,0.0496
192,improve,0.0131,0.0107,0.0122,0.0184
193,buy,-0.0094,0.1177,0.2894,0.0492
194,improve,0.0078,0.0416,0.0099,0.0286
195,improve,-0.0065,0.0103,0.0094,-0.0014
196,buy,0.0158,0.1294,0.2245,0.0803
197,improve,-0.0077,0.1315,0.0069,0.058
198,improve,0.0039,0.016,0.0122,0.0118
199,improve,-0.0045,0.0337,0.0105,0.0123
200,buy,0.1246,0.1306,0.3006,0.1896
201,improve,0.0097,0.0297,0.02,0.0245
202,improve,-0.0189,0.0067,0.0093,-0.0156
203,buy,-0.0005,0.1315,0.2999,0.0649
204,improve,-0.0095,0.0343,0.0072,0.0077
205,improve,0.0002,0.0078,0.0107,0.0041
206,buy,-0.0458,0.1537,0.4549,0.0306
207,improve,0.0025,0.1136,0.0161,0.0593
208,buy,0.0419,0.0833,0.4936,0.0831
209,improve,-0.0146,0.006,0.0091,-0.0116
210,buy,-0.0561,0.1527,0.5547,0.0197
211,improve,-0.0026,0.0768,0.0119,0.0358
212,improve,-0.0011,0.0579,0.0262,0.0278
213,buy,-0.0026,0.0726,0.5962,0.0331
214,improve,-0.0116,0.1621,0.0283,0.0694
215,buy,0.0069,0.0762,0.5099,0.0445
216,improve,-0.0384,0.0182,0.0086,-0.0294
217,buy,-0.0164,0.1091,0.3888,0.0378
218,improve,-0.1034,0.0506,0.0096,-0.0781
219,improve,-0.0085,0.0119,0.0075,-0.0026
220,buy,-0.0303,0.1739,0.2974,0.0563
221,improve,0.0003,0.0805,0.0068,0.0405
222,buy,0.0197,0.1916,0.3301,0.1151
223,improve,-0.001,0.0893,0.0046,0.0436
224,improve,-0.0559,0.0325,0.0158,-0.0397
225,buy,-0.0158,0.1106,0.3463,0.0392
226,improve,0.0214,0.1335,0.0107,0.0881
227,improve,0.0014,0.0109,0.009,0.0069
228,buy,-0.0772,0.0938,0.3858,-0.0306
229,improve,0.0018,0.0436,0.0173,0.0236
230,improve,0.0016,0.0448,0.0066,0.024
231,buy,-0.2033,0.1755,0.359,-0.116
232,improve,-0.0044,0.0899,0.0079,0.0405
233,buy,0.0027,0.2164,0.3457,0.1106
234,improve,-0.0265,0.0388,0.0135,-0.0071
235,buy,0.0039,0.0994,0.3544,0.0533
236,improve,0.0211,0.1832,0.0319,0.1126
237,improve,0.0003,0.0143,0.017,0.0074
238,improve,0.0044,0.0173,0.0031,0.013
239,improve,-0.0187,0.0094,0.0114,-0.014
240,buy,0.0275,0.117,0.3205,0.0856
241,improve,-0.0767,0.071,0.0068,-0.0412
242,buy,0.2804,0.1423,0.3079,0.3512
243,improve,0.0058,0.0282,0.0066,0.0199
244,buy,0.0119,0.2345,0.3137,0.1288
245,improve,0.0457,0.2925,0.0055,0.1919
246,improve,0.0327,0.078,0.0123,0.0716
247,improve,-0.0003,0.0584,0.0115,0.0289
248,improve,-0.0053,0.0136,0.0096,0.0015
249,improve,-0.0003,0.0331,0.01,0.0163
250,buy,0.0016,0.176,0.3009,0.0893
251,improve,-0.0033,0.0357,0.0119,0.0145
252,improve,0.0319,0.0392,0.0085,0.0515
253,buy,-0.0487,0.1323,0.2634,0.0172
254,improve,-0.0114,0.1066,0.0139,0.0419
255,improve,0.0445,0.0137,0.0112,0.0514
256,improve,0.0,0.0092,0.0138,0.0046
257,improve,0.0125,0.0079,0.011,0.0164
258,buy,0.0085,0.1685,0.2268,0.0925
259,improve,0.0312,0.0819,0.0105,0.0722
260,buy,0.0196,0.1955,0.216,0.1171
261,improve,0.0374,0.0226,0.0121,0.0487
262,buy,-0.0012,0.1603,0.2256,0.0787
263,improve,0.0026,0.0246,0.0077,0.0149
264,improve,0.0298,0.0063,0.0078,0.033
265,buy,-0.0069,0.142,0.2266,0.0639
266,improve,0.0076,0.0906,0.0066,0.0529
267,improve,-0.0246,0.0254,0.0139,-0.0119
268,improve,-0.0168,0.0347,0.0046,0.0005
269,buy,0.019,0.124,0.2053,0.0808
270,improve,-0.0004,0.0498,0.0133,0.0245
271,buy,-0.0346,0.1214,0.1847,0.0259
272,improve,-0.007,0.0171,0.0101,0.0015
273,buy,-0.0017,0.1815,0.2064,0.0888
274,improve,-0.0076,0.0602,0.0112,0.0224
275,buy,-0.2711,0.1787,0.2471,-0.182
276,improve,-0.0019,0.0465,0.0092,0.0213
277,improve,0.0014,0.0068,0.005,0.0048
278,improve,0.0046,0.009,0.0035,0.0091
279,buy,-0.006,0.2245,0.2443,0.106
280,improve,0.0045,0.1132,0.0077,0.0611
281,improve,-0.0168,0.0052,0.0047,-0.0142
282,buy,0.0057,0.1166,0.2509,0.0638
283,improve,0.0017,0.0729,0.0114,0.0382
284,improve,0.0267,0.0082,0.0068,0.0308
285,improve,-0.0005,0.0093,0.0045,0.0041
286,buy,-0.0127,0.1502,0.2502,0.0622
287,improve,0.0236,0.0604,0.0043,0.0538
288,buy,0.0378,0.1638,0.3361,0.1193
289,improve,-0.0008,0.0155,0.0042,0.007
290,improve,0.0017,0.006,0.0045,0.0047
291,improve,-0.0011,0.0249,0.0052,0.0114
292,improve,-0.0359,0.0107,0.0063,-0.0306
293,improve,-0.1066,0.0316,0.004,-0.0908
294,improve,-0.0204,0.0111,0.0053,-0.0149
295,improve,-0.0253,0.0153,0.003,-0.0176
296,improve,-0.0036,0.0514,0.0129,0.0221
297,buy,-0.0322,0.1026,0.415,0.0187
298,improve,-0.0355,0.0661,0.0044,-0.0025
299,improve,0.0028,0.0143,0.007,0.0099
300,improve,0.0437,0.0033,0.0046,0.0454
301,buy,-0.0525,0.1429,0.4859,0.0185
302,improve,-0.0034,0.0466,0.006,0.0199
303,buy,-0.0898,0.1153,0.5057,-0.0326
304,improve,0.0078,0.0484,0.0019,0.032
305,improve,0.0021,0.006,0.003,0.0051
306,buy,-0.0037,0.1525,0.4762,0.0721
307,improve,-0.0,0.1196,0.0078,0.0598
308,buy,-0.0027,0.2169,0.367,0.1054
309,improve,-0.0,0.1,0.0081,0.05
310,buy,-0.0515,0.067,0.398,-0.0184
311,improve,0.0013,0.0118,0.0035,0.0072
312,improve,-0.0645,0.012,0.0055,-0.0585
313,buy,0.1382,0.206,0.3368,0.2409
314,improve,-0.0001,0.0281,0.003,0.014
315,improve,0.0056,0.0063,0.0026,0.0088
316,improve,-0.0126,0.0042,0.0065,-0.0105
317,buy,-0.0972,0.2823,0.308,0.0437
318,improve,0.0097,0.0486,0.0025,0.034
319,buy,0.0042,0.2405,0.2801,0.1241
320,improve,0.0191,0.0224,0.0062,0.0303
321,improve,0.0014,0.0515,0.0033,0.0271
322,buy,-0.0085,0.2151,0.244,0.0989
323,improve,-0.0347,0.1005,0.0078,0.0155
324,improve,-0.0049,0.0115,0.0033,0.0008
325,improve,0.0058,0.0079,0.0049,0.0097
326,buy,0.0003,0.1665,0.1569,0.0834
327,improve,0.0016,0.0549,0.0046,0.029
328,buy,0.02,0.1814,0.158,0.1106
329,improve,-0.0028,0.0219,0.0043,0.0081
330,improve,0.002,0.0434,0.0052,0.0237
331,buy,-0.0949,0.1201,0.147,-0.035
332,improve,0.0021,0.3226,0.0017,0.1634
333,improve,-0.0035,0.0169,0.0033,0.005
334,buy,-0.0523,0.1495,0.1516,0.0223
335,improve,-0.0017,0.1902,0.0062,0.0934
336,buy,0.0096,0.2911,0.1537,0.155
337,improve,-0.0266,0.0667,0.0055,0.0067
338,improve,-0.0959,0.1037,0.0063,-0.0441
339,buy,0.0063,0.1695,0.1716,0.0909
340,improve,0.0066,0.0311,0.0055,0.0222
341,improve,0.0319,0.0615,0.0048,0.0626
342,improve,-0.0425,0.0518,0.0036,-0.0166
343,improve,0.0265,0.0348,0.0038,0.0439
344,buy,0.0127,0.1686,0.2018,0.0968
345,improve,0.0011,0.6338,0.0032,0.318
346,improve,-0.036,0.0101,0.0026,-0.031
347,buy,0.0139,0.1883,0.1732,0.1079
348,improve,-0.0057,0.1014,0.0028,0.045
349,improve,-0.0097,0.0169,0.0016,-0.0013
350,improve,0.0007,0.0348,0.0044,0.018
351,buy,-0.0081,0.1084,0.1813,0.0459
352,buy,-0.0196,0.0967,0.1745,0.0286
353,improve,-0.0011,0.317,0.0073,0.1574
354,improve,0.1045,0.0148,0.0065,0.1118
355,improve,-0.0134,0.0176,0.0041,-0.0046
356,buy,0.003,0.1246,0.1846,0.0651
357,improve,0.0002,0.0379,0.0019,0.0192
358,buy,-0.0145,0.1386,0.1792,0.0547
359,improve,-0.0099,0.2491,0.0019,0.1147
360,buy,0.0064,0.1781,0.2185,0.0952
361,improve,-0.0083,0.0271,0.0054,0.0053
362,buy,0.0318,0.2817,0.2537,0.1724
363,improve,0.0028,0.0148,0.0066,0.0102
364,buy,0.043,0.2273,0.1757,0.1565
365,improve,-0.0006,0.0211,0.002,0.0099
366,improve,0.0112,0.0077,0.0025,0.015
367,buy,0.0026,0.2237,0.1398,0.1143
368,improve,-0.0092,0.0788,0.005,0.0302
369,improve,0.0648,0.1702,0.0066,0.1499
370,buy,0.0703,0.1349,0.1288,0.1376
371,improve,-0.0015,0.0573,0.0027,0.0272
372,buy,0.0101,0.1678,0.1219,0.0939
373,improve,0.0001,0.0906,0.0066,0.0454
374,buy,-0.0143,0.1305,0.1203,0.0508
375,improve,-0.0069,0.03,0.0022,0.0081
376,improve,-0.006,0.0276,0.0011,0.0078
377,improve,-0.0123,0.0072,0.0023,-0.0087
378,improve,0.0471,0.0141,0.0032,0.0542
379,improve,-0.0643,0.0136,0.004,-0.0575
380,buy,0.1165,0.1001,0.1164,0.1665
381,improve,0.006,0.0046,0.0012,0.0084
382,buy,-0.036,0.1871,0.081,0.0575
383,improve,-0.0068,0.0566,0.0044,0.0215
384,buy,-0.0001,0.2759,0.0668,0.1378
385,improve,0.0019,0.0441,0.004,0.0239
386,buy,0.0002,0.2575,0.0687,0.1289
387,improve,0.0144,0.0744,0.0065,0.0516
388,buy,-0.0125,0.2012,0.0672,0.088
389,improve,-0.0028,0.019,0.0042,0.0067
390,improve,0.0018,0.0107,0.0014,0.0071
391,buy,0.0006,0.1607,0.0662,0.0809
392,improve,-0.0,0.0526,0.0018,0.0263
393,buy,0.0092,0.1666,0.0594,0.0925
394,improve,-0.0004,0.0346,0.0014,0.0169
395,buy,0.0262,0.135,0.0641,0.0937
396,improve,0.0165,0.0503,0.0049,0.0416
397,improve,-0.0482,0.0228,0.0019,-0.0368
398,buy,0.0382,0.136,0.0645,0.1061
399,improve,-0.0001,0.038,0.002,0.0189
400,buy,-0.1107,0.213,0.0611,-0.0043
401,improve,-0.0017,0.0112,0.0017,0.0039
402,buy,-0.0238,0.1061,0.0638,0.0292
403,improve,0.0015,0.037,0.0015,0.02
404,buy,-0.0251,0.1311,0.0631,0.0404
405,improve,0.0016,0.008,0.0017,0.0056
406,improve,0.0348,0.0212,0.0012,0.0454
407,improve,-0.0075,0.0112,0.0027,-0.0019
408,buy,0.2277,0.1797,0.0619,0.3175
409,improve,0.0008,0.0278,0.0018,0.0147
410,buy,0.0085,0.2833,0.0645,0.1501
411,improve,0.0111,0.0217,0.0027,0.0219
412,improve,0.01,0.0048,0.002,0.0124
413,improve,-0.0783,0.0126,0.0015,-0.072
414,buy,0.0038,0.1151,0.0772,0.0613
415,improve,0.0032,0.0608,0.0013,0.0337
416,buy,-0.0077,0.3453,0.0785,0.1649
417,improve,0.0474,0.0794,0.0011,0.0871
418,improve,0.0006,0.0089,0.0013,0.0051
419,improve,-0.0166,0.0134,0.0009,-0.0098
420,buy,0.0156,0.3135,0.0723,0.1723
421,improve,0.0178,0.1652,0.0024,0.1004
422,improve,-0.0086,0.0109,0.0012,-0.0031
423,improve,0.0167,0.0088,0.0016,0.0211
424,improve,0.0153,0.039,0.0011,0.0349
425,improve,-0.033,0.1484,0.0016,0.0412
426,improve,-0.0231,0.0292,0.0013,-0.0085
427,buy,-0.0456,0.1368,0.0662,0.0228
428,improve,-0.002,0.024,0.001,0.01
429,buy,-0.0507,0.2185,0.0749,0.0585
430,improve,-0.0052,0.0139,0.0016,0.0018
431,buy,0.0404,0.2822,0.0919,0.1814
432,improve,-0.0023,0.0146,0.0012,0.005
433,improve,0.0149,0.0112,0.0011,0.0205
434,buy,-0.114,0.3025,0.1007,0.0371
435,improve,0.0046,0.0309,0.0024,0.0201
436,improve,0.0094,0.0184,0.0016,0.0186
437,buy,-0.0002,0.2009,0.1061,0.1002
438,improve,0.0048,0.0056,0.0008,0.0076
439,buy,0.0896,0.1359,0.1113,0.1574
440,improve,-0.002,0.0091,0.0008,0.0026
441,buy,-0.0091,0.1802,0.1131,0.0809
442,improve,-0.0227,0.0231,0.002,-0.0112
443,improve,-0.0004,0.0327,0.0013,0.0159
444,buy,-0.0542,0.2284,0.1022,0.0599
445,improve,-0.0054,0.1533,0.0012,0.0712
446,improve,0.0209,0.0729,0.0013,0.0573
447,improve,0.0503,0.007,0.0017,0.0538
448,buy,-0.005,0.1715,0.107,0.0806
449,improve,-0.0209,0.1302,0.0013,0.0442
450,buy,0.0782,0.1938,0.1018,0.175
451,improve,-0.0019,0.007,0.0011,0.0016
452,buy,-0.0108,0.1435,0.1072,0.0608
453,improve,0.0684,0.0979,0.001,0.1174
454,improve,0.0035,0.0071,0.0011,0.007
455,buy,0.0007,0.2515,0.0918,0.1264
456,improve,0.0516,0.0815,0.0009,0.0923
457,buy,-0.0016,0.2442,0.0907,0.1204
458,improve,0.0507,0.023,0.0015,0.0622
459,improve,0.0133,0.0208,0.0008,0.0237
460,improve,-0.0024,0.0044,0.0013,-0.0002
461,buy,-0.0292,0.1886,0.0969,0.065
462,improve,0.0028,0.0174,0.0012,0.0115
463,improve,-0.0002,0.0058,0.0011,0.0027
464,improve,-0.011,0.0448,0.0007,0.0114
465,improve,0.0309,0.0348,0.0011,0.0483
466,buy,0.0183,0.1268,0.0867,0.0816
467,improve,-0.0016,0.0343,0.0009,0.0156
468,buy,0.0016,0.1945,0.0773,0.0988
469,improve,0.0306,0.0097,0.0017,0.0355
470,buy,-0.0043,0.1823,0.0736,0.0868
471,improve,0.0038,0.0574,0.0012,0.0325
472,buy,-0.0251,0.1897,0.0738,0.0697
473,improve,-0.0077,0.1326,0.0014,0.0586
474,improve,0.0041,0.0122,0.0015,0.0103
475,improve,-0.0035,0.0147,0.0026,0.0038
476,buy,0.004,0.2357,0.0632,0.1218
477,improve,-0.0025,0.0891,0.0023,0.042
478,buy,-0.0409,0.2311,0.0667,0.0745
479,improve,-0.0251,0.1654,0.003,0.0576
480,improve,-0.0019,0.0129,0.0021,0.0046
481,improve,0.0175,0.007,0.0013,0.0209
482,improve,0.0005,0.0068,0.002,0.004
483,improve,0.0006,0.1842,0.0012,0.0927
484,improve,-0.0256,0.0117,0.0017,-0.0198
485,buy,0.0009,0.1998,0.0651,0.1008
486,improve,0.0,0.0527,0.0026,0.0264
487,improve,0.0051,0.0278,0.0021,0.019
488,buy,0.0039,0.215,0.0673,0.1114
489,improve,0.0199,0.1253,0.0048,0.0825
490,improve,-0.0072,0.0373,0.0025,0.0114
491,improve,-0.0645,0.0038,0.0029,-0.0626
492,buy,-0.0037,0.1603,0.0625,0.0763
493,improve,0.0208,0.0597,0.0025,0.0506
494,buy,-0.0,0.2221,0.0641,0.111
495,improve,0.0078,0.0099,0.0016,0.0128
496,improve,0.0142,0.0129,0.0017,0.0206
497,buy,-0.0082,0.2309,0.0679,0.1072
498,improve,0.0104,0.0736,0.0015,0.0472
499,buy,-0.0046,0.1885,0.0716,0.0896
500,improve,0.0339,0.1364,0.0016,0.1021
501,improve,-0.0025,0.0414,0.0035,0.0182
502,buy,0.0004,0.1371,0.0728,0.0689
503,improve,0.0158,0.1052,0.002,0.0684
504,buy,-0.0036,0.34,0.0764,0.1664
505,improve,0.0059,0.0347,0.0023,0.0233
506,improve,0.0349,0.0274,0.0021,0.0486
507,improve,0.0151,0.0056,0.0025,0.0179
508,buy,0.097,0.1578,0.0581,0.1759
509,improve,-0.002,0.0723,0.0027,0.0342
510,buy,-0.0062,0.3347,0.0566,0.1611
511,improve,-0.0496,0.1681,0.003,0.0344
512,buy,-0.0225,0.3657,0.0506,0.1603
513,improve,-0.0055,0.0828,0.0032,0.0359
514,buy,0.0399,0.1813,0.0484,0.1306
515,improve,-0.0008,0.0132,0.0015,0.0058
516,improve,0.0001,0.0059,0.0012,0.0031
517,improve,0.0218,0.0043,0.0017,0.024
518,improve,0.0188,0.0064,0.0018,0.0219
519,improve,-0.0021,0.0033,0.0024,-0.0005
520,buy,0.0003,0.1835,0.0453,0.092
521,improve,0.1357,0.0316,0.0015,0.1514
522,improve,0.0152,0.1448,0.0015,0.0875
523,buy,0.0602,0.2235,0.0339,0.1719
524,improve,-0.0029,0.1054,0.002,0.0498
525,buy,-0.1256,0.35,0.0301,0.0493
526,improve,-0.0002,0.0775,0.0038,0.0386
527,improve,0.0108,0.0201,0.0033,0.0208
528,buy,0.047,0.1456,0.0309,0.1197
529,improve,-0.0052,0.0781,0.0019,0.0339
530,buy,-0.0353,0.2319,0.0305,0.0806
531,improve,-0.0208,0.0249,0.0044,-0.0083
532,improve,-0.0136,0.0068,0.0029,-0.0101
533,improve,0.0006,0.0115,0.0034,0.0064
534,improve,-0.0149,0.0035,0.0025,-0.0131
535,improve,0.0052,0.0091,0.0041,0.0098
536,improve,-0.0044,0.0068,0.0025,-0.001
537,buy,-0.0124,0.3417,0.0292,0.1584
538,improve,-0.0081,0.1196,0.0037,0.0516
539,improve,-0.0287,0.0778,0.0029,0.0102
540,buy,0.0361,0.214,0.0319,0.143
541,improve,-0.0752,0.0796,0.0035,-0.0354
542,improve,0.0062,0.0063,0.0019,0.0093
543,improve,0.0003,0.0935,0.0038,0.0471
544,improve,-0.0133,0.0092,0.0024,-0.0088
545,improve,0.008,0.0199,0.0018,0.018
546,buy,-0.0,0.1637,0.0327,0.0818
547,improve,0.0006,0.0354,0.003,0.0182
548,buy,0.0223,0.1225,0.0331,0.0835
549,improve,-0.0203,0.021,0.0026,-0.0098
550,improve,0.1361,0.0061,0.0031,0.1392
551,improve,0.1029,0.0088,0.0026,0.1073
552,buy,0.0037,0.1426,0.0347,0.075
553,improve,0.0045,0.0437,0.0022,0.0263
554,buy,-0.0023,0.3386,0.0468,0.1669
555,improve,-0.037,0.1553,0.0045,0.0406
556,buy,-0.0556,0.1428,0.049,0.0158
557,improve,-0.0003,0.0285,0.0031,0.014
558,buy,0.0115,0.2013,0.0502,0.1121
559,improve,-0.0,0.0823,0.0021,0.0411
560,improve,-0.0385,0.0123,0.0032,-0.0324
561,improve,0.0416,0.0585,0.0015,0.0709
562,buy,-0.0247,0.147,0.0506,0.0487
563,improve,-0.0016,0.0434,0.0019,0.0201
564,buy,0.0448,0.1968,0.0427,0.1432
565,improve,0.0056,0.0569,0.0016,0.0341
566,buy,-0.077,0.2208,0.0475,0.0334
567,improve,0.0036,0.1102,0.0021,0.0587
568,buy,0.0449,0.3022,0.0414,0.196
569,improve,0.0001,0.0107,0.0008,0.0054
570,buy,-0.0531,0.1209,0.0297,0.0073
571,improve,0.0052,0.0241,0.0014,0.0173
572,buy,0.0059,0.2684,0.0276,0.14
573,improve,-0.0035,0.0186,0.002,0.0058
574,buy,-0.0155,0.226,0.0232,0.0975
575,improve,0.0052,0.0119,0.0019,0.0111
576,improve,0.0086,0.0037,0.0009,0.0104
577,improve,0.0115,0.1403,0.0014,0.0817
578,buy,-0.0542,0.2121,0.0205,0.0518
579,improve,0.0027,0.0254,0.002,0.0154
580,improve,0.0228,0.1293,0.0012,0.0875
581,improve,0.0883,0.0072,0.0012,0.0919
582,improve,0.0018,0.1852,0.0017,0.0944
583,buy,-0.0413,0.1369,0.0216,0.0271
584,improve,-0.02,0.0506,0.0018,0.0053
585,buy,-0.0011,0.259,0.0204,0.1283
586,improve,0.0009,0.023,0.0009,0.0124
587,buy,-0.0065,0.2052,0.0205,0.0961
588,improve,0.0009,0.0182,0.0009,0.01
589,improve,0.0003,0.0115,0.0011,0.006
590,improve,-0.0015,0.0077,0.0015,0.0023
591,improve,-0.0518,0.0043,0.0011,-0.0496
592,improve,0.2452,0.0038,0.001,0.2471
593,buy,0.0495,0.1921,0.0132,0.1455
594,improve,-0.0046,0.0314,0.0014,0.0111
595,buy,0.0588,0.1858,0.0156,0.1517
596,improve,-0.0101,0.0054,0.0013,-0.0074
597,buy,0.0062,0.2482,0.0225,0.1303
598,improve,0.01,0.0131,0.0018,0.0166
599,buy,-0.0007,0.1758,0.0219,0.0872
600,improve,0.014,0.0059,0.0013,0.0169
601,buy,0.0452,0.3506,0.0227,0.2205
602,improve,0.0053,0.0357,0.0011,0.0231
603,improve,0.013,0.0044,0.0014,0.0152
604,buy,-0.008,0.2314,0.0233,0.1077
605,improve,0.01,0.0423,0.0012,0.0312
606,buy,0.0353,0.2266,0.0217,0.1485
607,improve,0.0176,0.0991,0.001,0.0671
608,buy,0.0669,0.2043,0.0304,0.169
609,improve,0.0001,0.0039,0.0011,0.002
610,improve,-0.0111,0.0052,0.001,-0.0085
611,improve,-0.0329,0.0049,0.0011,-0.0304
612,improve,0.0067,0.0051,0.0015,0.0093
613,buy,0.0065,0.2226,0.025,0.1177
614,improve,-0.0023,0.0322,0.0017,0.0138
615,buy,0.0156,0.2202,0.0276,0.1257
616,improve,0.009,0.0046,0.0014,0.0113
617,improve,0.0268,0.1178,0.0011,0.0857
618,buy,0.0193,0.2728,0.0249,0.1556
619,improve,0.0024,0.0355,0.0016,0.0202
620,buy,0.0269,0.316,0.0255,0.1849
621,improve,-0.0077,0.0314,0.0025,0.008
622,buy,0.0022,0.1859,0.0254,0.0951
623,improve,-0.0009,0.0102,0.0014,0.0042
624,buy,-0.042,0.3076,0.0264,0.1118
625,improve,0.0009,0.0029,0.0018,0.0024
626,improve,0.0019,0.0037,0.0014,0.0037
627,improve,0.0017,0.0562,0.0015,0.0298
628,improve,0.0113,0.0045,0.0016,0.0135
629,improve,0.0116,0.0057,0.0012,0.0144
630,buy,-0.2433,0.1789,0.0326,-0.1539
631,improve,0.0023,0.0081,0.0006,0.0063
632,improve,0.0003,0.076,0.0011,0.0384
633,buy,-0.0564,0.2386,0.028,0.0628
634,improve,0.0039,0.0644,0.0007,0.0362
635,buy,-0.0715,0.2251,0.0299,0.0411
636,improve,-0.0156,0.1395,0.0005,0.0542
637,buy,-0.0243,0.2198,0.0303,0.0856
638,improve,-0.1097,0.0656,0.0026,-0.0769
639,buy,0.015,0.1152,0.0326,0.0726
640,improve,-0.0109,0.1281,0.0009,0.0532
641,buy,-0.0165,0.3835,0.0318,0.1752
642,improve,0.0203,0.1204,0.0013,0.0805
643,buy,0.0648,0.2675,0.0293,0.1985
644,improve,-0.0001,0.0074,0.0006,0.0036
645,improve,-0.0023,0.0208,0.0009,0.0081
646,buy,0.0078,0.0985,0.0317,0.057
647,improve,0.0329,0.1667,0.0008,0.1162
648,improve,-0.0368,0.0155,0.0008,-0.0291
649,improve,-0.001,0.026,0.0004,0.012
650,buy,0.0659,0.2091,0.0305,0.1705
651,improve,0.0122,0.0055,0.0004,0.0149
652,buy,-0.0348,0.2223,0.0282,0.0763
653,improve,-0.016,0.0252,0.0003,-0.0034
654,buy,0.0439,0.2355,0.0304,0.1617
655,improve,0.0036,0.0116,0.0002,0.0094
656,improve,0.0275,0.0119,0.0005,0.0335
657,improve,-0.0116,0.1297,0.0003,0.0533
658,buy,0.0237,0.1585,0.0301,0.1029
659,improve,-0.0016,0.283,0.0005,0.1399
660,buy,0.0405,0.2988,0.0295,0.1899
661,improve,0.0006,0.0025,0.0005,0.0019
662,buy,0.0007,0.1711,0.0288,0.0862
663,improve,0.0084,0.0101,0.0004,0.0135
664,buy,0.006,0.4784,0.0271,0.2452
665,improve,-0.0297,0.0315,0.0004,-0.014
666,improve,0.0136,0.0039,0.0004,0.0155
667,buy,-0.012,0.1588,0.0279,0.0674
668,improve,0.0931,0.1021,0.0008,0.1442
669,buy,-0.0095,0.2097,0.0294,0.0953
670,improve,0.0019,0.005,0.0007,0.0044
671,buy,-0.0446,0.2253,0.027,0.068
672,improve,-0.0019,0.0119,0.0005,0.0041
673,buy,-0.0098,0.097,0.0279,0.0387
674,improve,0.0089,0.1062,0.0004,0.062
675,buy,-0.0246,0.2789,0.0289,0.1148
676,improve,-0.0093,0.0242,0.0005,0.0028
