episode,winner,ppo_agent_reward,episode_length
0,Aggressive,2.0,500
1,ValueBuyer,-0.3,160
2,Aggressive,-0.7,103
3,ValueBuyer,-0.05,271
4,Aggressive,2.15,500
5,ValueBuyer,2.3,500
6,ValueBuyer,-0.0,186
7,ValueBuyer,-0.45,193
8,ValueBuyer,-0.05,157
9,Aggressive,0.95,500
10,Aggressive,2.1,500
11,ValueBuyer,2.1,500
12,Aggressive,2.15,500
13,Aggressive,2.45,500
14,Aggressive,0.8,374
15,Aggressive,2.0,500
16,Conservative,2.6,500
17,ValueBuyer,0.0,196
18,Aggressive,0.2,289
19,ValueBuyer,0.15,403
20,ValueBuyer,1.8,500
21,Conservative,2.3,500
22,ValueBuyer,2.15,500
23,Aggressive,1.3,500
24,Aggressive,-0.35,176
25,ValueBuyer,-0.05,247
26,Random,1.9,500
27,ValueBuyer,-0.15,198
28,Random,0.1,395
29,Aggressive,-0.05,235
30,Aggressive,2.5,500
31,Aggressive,0.05,228
32,Aggressive,0.1,273
33,Aggressive,0.15,239
34,Aggressive,0.1,296
35,Random,1.8,500
36,ValueBuyer,2.5,500
37,Aggressive,1.85,500
38,Aggressive,0.25,258
39,ValueBuyer,-0.0,222
40,ValueBuyer,2.4,500
41,Aggressive,2.15,500
42,Aggressive,2.1,500
43,Aggressive,0.2,353
44,Aggressive,-0.55,185
45,Aggressive,2.5,500
46,Aggressive,1.85,500
47,ValueBuyer,2.6,500
48,Aggressive,2.15,500
49,Aggressive,0.45,321
50,ValueBuyer,0.9,321
51,Aggressive,2.5,500
52,Aggressive,0.85,378
53,Aggressive,-0.3,225
54,Conservative,1.25,183
55,Aggressive,-0.3,165
56,Aggressive,1.05,379
57,ValueBuyer,2.05,500
58,Aggressive,2.25,500
59,Aggressive,0.25,251
60,Aggressive,-0.25,500
61,Aggressive,2.2,500
62,ValueBuyer,2.05,500
63,ValueBuyer,-0.8,83
64,Conservative,1.25,202
65,Conservative,2.1,500
66,Aggressive,2.05,500
67,ValueBuyer,0.05,324
68,Aggressive,0.2,388
69,Conservative,2.35,500
70,Conservative,2.3,500
71,Aggressive,2.4,500
72,Aggressive,-0.15,243
73,ValueBuyer,-0.25,155
74,Aggressive,-0.3,153
75,Conservative,2.25,500
76,Aggressive,0.4,251
77,ValueBuyer,2.05,500
78,Random,2.0,500
79,Aggressive,2.55,500
80,Aggressive,-0.1,202
81,Aggressive,1.35,489
82,Aggressive,2.0,500
83,ValueBuyer,2.3,500
84,Aggressive,2.4,500
85,Aggressive,0.2,188
86,ValueBuyer,0.2,232
87,ValueBuyer,0.0,267
88,Aggressive,1.25,383
89,ValueBuyer,-0.35,167
90,Random,-0.2,500
91,Aggressive,-0.4,288
92,Aggressive,2.35,500
93,ValueBuyer,-0.45,280
94,Aggressive,2.4,500
95,ValueBuyer,2.35,500
96,Aggressive,0.55,206
97,Conservative,2.5,500
98,ValueBuyer,2.1,500
99,ValueBuyer,0.35,320
100,Aggressive,0.25,223
101,Aggressive,1.8,500
102,Aggressive,1.2,500
103,Conservative,2.35,500
104,Conservative,2.65,500
105,Aggressive,1.95,500
106,Aggressive,-0.05,266
107,Conservative,2.55,500
108,Aggressive,0.05,500
109,Aggressive,0.6,275
110,ValueBuyer,2.1,500
111,Aggressive,2.25,500
112,Conservative,2.4,500
113,Random,2.3,500
114,Aggressive,1.95,500
115,Aggressive,2.1,500
116,Aggressive,-0.55,151
117,Conservative,2.6,500
118,Aggressive,1.95,500
119,Conservative,2.35,500
120,Aggressive,2.25,500
121,Conservative,2.55,500
122,Conservative,2.7,500
123,ValueBuyer,2.3,500
124,ValueBuyer,0.1,203
125,Conservative,2.2,500
126,ValueBuyer,0.1,203
127,Aggressive,2.0,500
128,Random,-0.45,114
129,Aggressive,2.2,500
130,ValueBuyer,2.15,500
131,Conservative,2.3,317
132,ValueBuyer,2.05,500
133,ValueBuyer,2.2,500
134,ValueBuyer,0.9,369
135,Conservative,2.0,500
136,Aggressive,0.0,171
137,Aggressive,0.7,256
138,Aggressive,0.1,278
139,Aggressive,1.8,500
140,Aggressive,0.45,328
141,Conservative,2.5,500
142,Conservative,2.55,500
143,Aggressive,2.25,500
144,Aggressive,-0.1,179
145,Conservative,1.9,384
146,Conservative,2.05,326
147,ValueBuyer,2.4,500
148,ValueBuyer,-0.25,238
149,Conservative,1.85,336
150,Aggressive,2.15,500
151,Aggressive,2.2,500
152,Aggressive,-0.25,397
153,Conservative,1.5,291
154,Aggressive,2.1,500
155,Aggressive,1.05,379
156,Conservative,2.45,500
157,Aggressive,-0.35,287
158,Aggressive,-0.1,176
159,Aggressive,0.0,208
160,Aggressive,-0.4,222
161,Conservative,2.35,402
162,ValueBuyer,-0.15,97
163,Aggressive,2.1,500
164,Aggressive,0.1,208
165,Aggressive,0.1,318
166,Conservative,2.5,477
167,Aggressive,-0.35,173
168,Conservative,2.4,500
169,Aggressive,-0.1,165
170,Aggressive,-0.35,190
171,ValueBuyer,1.95,500
172,ValueBuyer,2.15,500
173,Aggressive,0.1,269
174,Aggressive,0.85,286
175,Random,2.25,500
176,Random,2.25,500
177,ValueBuyer,2.45,500
178,Aggressive,-0.55,131
179,Aggressive,2.1,500
180,Aggressive,-0.35,186
181,ValueBuyer,2.15,500
182,Conservative,2.1,385
183,ValueBuyer,2.4,500
184,Aggressive,2.15,500
185,ValueBuyer,0.35,238
186,Aggressive,2.5,500
187,Aggressive,2.35,500
188,Aggressive,2.55,500
189,Conservative,2.55,500
190,Conservative,1.9,319
191,ValueBuyer,2.1,500
192,Aggressive,2.65,500
193,Conservative,2.1,500
194,Conservative,2.6,500
195,Aggressive,-0.45,158
196,ValueBuyer,0.2,171
197,Aggressive,0.0,157
198,Conservative,2.55,500
199,ValueBuyer,2.3,500
200,Aggressive,-0.0,236
201,Aggressive,2.4,500
202,Conservative,2.45,500
203,Conservative,2.55,366
204,Conservative,2.65,500
205,Conservative,2.4,498
206,Random,-0.25,157
207,Aggressive,2.65,500
208,Aggressive,-0.15,171
209,Random,1.05,500
210,Aggressive,2.1,500
211,Aggressive,0.85,500
212,Conservative,1.4,205
213,Random,2.4,500
214,Aggressive,2.25,500
215,Aggressive,-0.5,500
216,Conservative,2.15,345
217,Conservative,2.1,500
218,ValueBuyer,0.4,401
219,Aggressive,1.8,500
220,Random,2.05,500
221,Aggressive,0.7,286
222,Aggressive,2.1,500
223,ValueBuyer,-0.05,180
224,Conservative,2.3,500
225,Aggressive,0.0,185
226,Aggressive,0.3,268
227,ValueBuyer,2.1,500
228,ValueBuyer,-0.25,326
229,Aggressive,0.05,178
230,Conservative,2.7,500
231,Aggressive,2.4,500
232,Conservative,2.35,500
233,Conservative,2.45,500
234,Aggressive,2.1,500
235,Aggressive,2.5,500
236,Aggressive,-0.3,204
237,Conservative,2.55,500
238,ValueBuyer,-0.25,214
239,Aggressive,2.3,500
240,Aggressive,-0.15,221
241,Aggressive,1.05,386
242,Conservative,2.6,500
243,Aggressive,-0.1,254
244,Aggressive,-0.65,102
245,ValueBuyer,-0.15,231
246,Aggressive,2.3,500
247,ValueBuyer,0.1,199
248,Aggressive,2.4,500
249,Aggressive,-0.4,118
250,Conservative,2.45,500
251,Conservative,3.05,500
252,Aggressive,-0.3,287
253,ValueBuyer,-0.3,129
254,Aggressive,0.4,218
255,Random,0.65,239
256,Conservative,2.3,500
257,Random,2.2,500
258,Aggressive,-0.25,209
259,Aggressive,-0.25,109
260,Conservative,3.1,500
261,Aggressive,2.5,500
262,Aggressive,-0.05,175
263,ValueBuyer,0.2,203
264,Aggressive,0.4,266
265,Aggressive,2.25,500
266,Conservative,2.4,500
267,Aggressive,0.15,224
268,Aggressive,2.05,500
269,Conservative,2.35,500
270,Aggressive,2.15,500
271,Aggressive,0.5,293
272,Aggressive,2.35,500
273,Conservative,2.25,500
274,Conservative,2.6,500
275,Random,0.8,470
276,Aggressive,2.15,500
277,Aggressive,2.15,500
278,Aggressive,2.55,500
279,Conservative,2.7,500
280,Aggressive,0.2,285
281,Random,2.2,500
282,ValueBuyer,2.35,500
283,Aggressive,2.35,500
284,Conservative,2.5,500
285,Aggressive,2.25,500
286,Conservative,2.6,500
287,Conservative,1.75,346
288,Conservative,2.6,500
289,Conservative,2.3,500
290,Aggressive,0.75,337
291,Conservative,2.5,500
292,Aggressive,2.55,500
293,Conservative,2.5,500
294,Aggressive,2.55,500
295,ValueBuyer,1.95,500
296,Conservative,2.75,500
297,Aggressive,2.45,500
298,ValueBuyer,2.5,500
299,ValueBuyer,0.0,197
300,ValueBuyer,2.55,500
301,Aggressive,-0.15,162
302,Aggressive,-0.3,198
303,Conservative,2.65,500
304,ValueBuyer,2.1,500
305,Random,2.25,500
306,Aggressive,2.05,500
307,Aggressive,2.3,500
308,Conservative,2.35,500
309,Conservative,2.5,500
310,Aggressive,2.3,500
311,ValueBuyer,2.7,500
312,Random,2.3,500
313,ValueBuyer,0.45,231
314,Conservative,2.1,500
315,Conservative,2.7,500
316,Aggressive,0.3,337
317,Conservative,3.5,500
318,Aggressive,2.3,500
319,Aggressive,2.4,500
320,Random,0.25,343
321,ValueBuyer,0.15,210
322,Conservative,2.3,500
323,Aggressive,0.35,212
324,Aggressive,-0.2,115
325,Conservative,2.4,500
326,ValueBuyer,2.5,500
327,Aggressive,1.35,446
328,Aggressive,2.2,500
329,ValueBuyer,2.05,500
330,ValueBuyer,2.3,500
331,Aggressive,0.3,228
332,Conservative,2.4,500
333,Aggressive,2.1,500
334,Conservative,2.7,500
335,Conservative,2.5,500
336,Aggressive,2.05,500
337,ValueBuyer,-0.65,111
338,Aggressive,2.4,500
339,Random,2.15,500
340,Aggressive,2.0,500
341,ValueBuyer,0.05,172
342,ValueBuyer,2.25,500
343,Aggressive,0.05,251
344,Aggressive,-0.3,202
345,Aggressive,-0.25,134
346,Conservative,2.45,500
347,Aggressive,0.05,126
348,Aggressive,2.05,500
349,Conservative,2.45,500
350,Random,2.05,500
351,Aggressive,2.15,500
352,Aggressive,2.45,500
353,Aggressive,0.25,253
354,Conservative,2.6,500
355,ValueBuyer,0.2,156
356,Aggressive,0.35,242
357,ValueBuyer,0.75,387
358,Conservative,2.4,500
359,ValueBuyer,2.25,500
360,Conservative,2.6,500
361,Conservative,2.4,500
362,ValueBuyer,0.65,224
363,Aggressive,-0.45,123
364,Random,2.05,500
365,Random,2.4,500
366,Conservative,2.65,500
367,Aggressive,-0.4,129
368,Aggressive,0.15,300
369,ValueBuyer,0.55,432
370,Aggressive,0.15,160
371,Conservative,2.45,500
372,Random,2.0,500
373,Aggressive,0.5,275
374,Conservative,2.6,500
375,Aggressive,-0.05,210
376,Aggressive,2.2,500
377,ValueBuyer,0.65,343
378,Random,0.3,299
379,Conservative,2.5,500
380,ValueBuyer,0.1,291
381,Aggressive,0.1,201
382,Aggressive,1.4,464
383,Conservative,2.8,500
384,Conservative,2.55,500
385,Aggressive,2.45,500
386,ValueBuyer,2.1,500
387,Conservative,2.65,500
388,Conservative,2.4,500
389,ValueBuyer,2.5,500
390,Aggressive,1.95,500
391,Aggressive,2.1,500
392,Aggressive,-0.35,254
393,Aggressive,0.4,228
394,Aggressive,-0.4,145
395,Conservative,2.5,500
396,Aggressive,0.0,171
397,ValueBuyer,-0.5,500
398,ValueBuyer,2.4,500
399,Conservative,2.35,500
400,Aggressive,-0.05,204
401,Conservative,2.4,500
402,Aggressive,-0.2,202
403,Conservative,2.65,500
404,Aggressive,0.05,272
405,Aggressive,0.75,289
406,Aggressive,2.3,500
407,Aggressive,2.2,500
408,ValueBuyer,2.15,500
409,ValueBuyer,-0.25,346
410,Aggressive,2.3,500
411,Conservative,2.65,500
412,Aggressive,0.35,268
413,Conservative,2.75,500
414,Conservative,2.5,500
415,Aggressive,-0.35,155
416,ValueBuyer,2.3,500
417,Conservative,2.4,500
418,ValueBuyer,1.9,500
419,Aggressive,2.15,500
420,Random,2.35,500
421,ValueBuyer,2.25,500
422,ValueBuyer,0.15,277
423,Aggressive,2.05,500
424,Conservative,2.3,500
425,Aggressive,-0.4,178
426,Aggressive,-0.05,192
427,ValueBuyer,0.2,236
428,ValueBuyer,2.25,500
429,Random,-0.35,500
430,Random,2.35,500
431,Random,2.25,500
432,ValueBuyer,2.45,500
433,Aggressive,-0.3,140
434,ValueBuyer,-0.2,208
435,ValueBuyer,2.15,500
436,Conservative,2.05,500
437,Conservative,2.65,500
438,Aggressive,-0.05,125
439,Aggressive,1.85,500
440,Aggressive,2.35,500
441,Conservative,2.15,500
442,Aggressive,2.35,500
443,Aggressive,2.45,500
444,Conservative,2.75,500
445,Conservative,2.45,500
446,Random,1.05,378
447,Aggressive,2.55,500
448,Aggressive,2.35,500
449,ValueBuyer,-0.5,150
450,Conservative,2.25,500
451,Aggressive,0.25,265
452,ValueBuyer,0.15,236
453,ValueBuyer,-0.05,140
454,Aggressive,0.0,294
455,ValueBuyer,1.9,500
456,Aggressive,2.3,500
457,Aggressive,2.15,500
458,Aggressive,1.95,500
459,Aggressive,-0.4,112
460,Aggressive,2.2,500
461,ValueBuyer,2.3,500
462,Conservative,1.95,500
463,Conservative,2.45,500
464,Aggressive,2.2,500
465,ValueBuyer,2.25,500
466,Aggressive,0.6,371
467,Conservative,2.25,500
468,Aggressive,0.65,395
469,Aggressive,0.15,281
470,ValueBuyer,0.0,193
471,ValueBuyer,-0.4,102
472,Conservative,2.6,500
473,Aggressive,2.05,500
474,ValueBuyer,0.5,244
475,Conservative,2.6,500
476,Aggressive,2.25,500
477,Aggressive,0.5,289
478,Random,1.25,480
479,Aggressive,2.4,500
480,ValueBuyer,2.45,500
481,Random,2.15,500
482,ValueBuyer,-0.3,500
483,Aggressive,-0.15,113
484,Aggressive,0.8,500
485,ValueBuyer,2.35,500
486,Random,2.25,500
487,Conservative,2.55,500
488,Aggressive,2.35,500
489,ValueBuyer,2.45,500
490,Aggressive,2.4,500
491,Conservative,2.4,500
492,ValueBuyer,-0.1,355
493,Conservative,2.4,500
494,Conservative,2.4,500
495,Random,1.05,384
496,Conservative,2.65,500
497,Aggressive,2.2,500
498,Aggressive,-0.35,116
499,Aggressive,2.15,500
500,Aggressive,2.25,500
501,Conservative,2.55,500
502,Conservative,2.5,500
503,Aggressive,2.35,500
504,Aggressive,0.1,244
505,Aggressive,2.05,500
506,Conservative,2.4,500
507,Conservative,2.65,500
508,Aggressive,2.15,500
509,Aggressive,0.85,374
510,ValueBuyer,0.5,269
511,Conservative,2.5,500
512,Aggressive,0.3,316
513,Aggressive,2.6,500
514,Random,0.1,233
515,Conservative,2.15,500
516,Aggressive,1.55,458
517,ValueBuyer,2.6,500
518,Aggressive,2.35,500
519,Random,0.15,500
520,Aggressive,2.35,500
521,Conservative,2.2,500
522,ValueBuyer,1.95,500
523,Aggressive,2.3,500
524,Aggressive,2.95,500
525,Aggressive,-0.1,153
526,Aggressive,-0.1,172
527,Conservative,2.25,500
528,Aggressive,2.2,500
529,Aggressive,2.25,500
530,Random,2.7,500
531,Aggressive,0.5,303
532,Random,2.35,500
533,Conservative,2.6,500
534,Conservative,2.45,500
535,Aggressive,2.2,500
536,Aggressive,2.25,500
537,Aggressive,0.05,213
538,ValueBuyer,2.15,500
539,Random,-0.1,241
540,Aggressive,2.4,500
541,ValueBuyer,2.15,500
542,ValueBuyer,2.2,500
543,ValueBuyer,-0.6,139
544,Conservative,2.4,500
545,Aggressive,2.25,500
546,Conservative,2.55,500
547,Conservative,2.5,500
548,Aggressive,0.95,468
549,Aggressive,2.0,500
550,Conservative,2.8,500
551,Aggressive,2.85,500
552,Conservative,2.65,500
553,Conservative,2.4,500
554,Conservative,2.45,500
555,Aggressive,2.15,500
556,ValueBuyer,1.95,500
557,Aggressive,2.35,500
558,Random,2.2,500
559,Conservative,2.25,500
560,Aggressive,2.3,500
561,Aggressive,2.3,500
562,ValueBuyer,-0.15,155
563,Conservative,2.65,500
564,Aggressive,2.3,500
565,Aggressive,-0.2,154
566,Conservative,2.55,500
567,Conservative,2.25,500
568,Conservative,2.35,500
569,Aggressive,2.0,500
570,Conservative,2.35,500
571,Aggressive,0.25,289
572,ValueBuyer,2.3,500
573,Aggressive,-0.15,219
574,Aggressive,2.5,500
575,Random,2.15,500
576,Aggressive,0.2,246
577,ValueBuyer,2.1,500
578,Aggressive,0.85,327
579,Conservative,2.3,500
580,Random,2.4,500
581,Aggressive,1.25,442
582,Aggressive,-0.1,196
583,Aggressive,2.15,500
584,Aggressive,-0.25,100
585,Random,2.15,500
586,Aggressive,2.2,500
587,Aggressive,2.35,500
588,ValueBuyer,2.15,500
589,ValueBuyer,0.95,306
590,Conservative,2.55,500
591,Random,2.2,500
592,Aggressive,2.4,500
593,ValueBuyer,2.25,500
594,Aggressive,0.15,247
595,Aggressive,0.2,234
596,ValueBuyer,-0.4,219
597,Aggressive,-0.3,162
598,Conservative,2.45,500
599,Aggressive,-0.1,146
600,Aggressive,2.3,500
601,Aggressive,0.6,340
602,Aggressive,-0.05,170
603,Conservative,2.5,500
604,Aggressive,2.3,500
605,ValueBuyer,-0.2,251
606,Aggressive,0.05,192
607,Aggressive,2.45,500
608,Aggressive,0.4,500
609,Aggressive,2.1,500
610,ValueBuyer,2.35,500
611,Aggressive,0.0,181
612,Aggressive,2.5,500
613,Aggressive,2.25,500
614,Conservative,2.35,500
615,Aggressive,2.35,500
616,Aggressive,2.05,500
617,Conservative,2.5,500
618,ValueBuyer,2.3,500
619,Random,2.2,500
620,Conservative,2.9,500
621,ValueBuyer,0.5,399
622,Aggressive,-0.35,117
623,Conservative,1.95,500
624,Aggressive,2.45,500
625,Conservative,2.6,500
626,ValueBuyer,2.1,500
627,ValueBuyer,2.15,500
628,Conservative,2.9,500
629,Conservative,2.4,500
630,Aggressive,2.2,500
631,ValueBuyer,2.45,500
632,Conservative,2.35,500
633,Aggressive,0.35,273
634,ValueBuyer,0.5,291
635,Aggressive,-0.35,130
636,Aggressive,-0.25,442
637,Aggressive,0.7,310
638,Conservative,2.45,500
639,ValueBuyer,0.25,260
640,ValueBuyer,2.4,500
641,Aggressive,2.55,500
642,Aggressive,0.15,249
643,Aggressive,-0.2,190
644,Aggressive,2.15,500
645,Aggressive,2.0,500
646,ValueBuyer,2.5,500
647,Aggressive,0.1,258
648,ValueBuyer,2.15,500
649,Aggressive,0.6,360
650,Aggressive,-0.0,306
651,Aggressive,2.35,500
652,Aggressive,2.35,500
653,Aggressive,2.3,500
654,ValueBuyer,0.9,331
655,Random,0.5,412
656,Aggressive,1.0,395
657,ValueBuyer,2.45,500
658,Aggressive,2.35,500
659,Random,1.0,500
660,Aggressive,0.25,404
661,Conservative,2.6,500
662,Aggressive,0.8,389
663,Aggressive,2.2,500
664,ValueBuyer,2.5,500
665,Aggressive,2.25,500
666,Aggressive,0.9,341
667,Aggressive,0.9,298
668,Aggressive,2.3,500
669,ValueBuyer,2.55,500
670,Random,2.3,500
671,Conservative,2.3,500
672,Conservative,2.45,500
673,ValueBuyer,0.0,243
674,Aggressive,0.35,500
675,Aggressive,0.15,226
676,ValueBuyer,-0.15,181
677,ValueBuyer,0.9,290
678,Conservative,2.4,500
679,ValueBuyer,-0.3,183
680,ValueBuyer,2.2,500
681,ValueBuyer,-0.4,108
682,Aggressive,2.0,500
683,Aggressive,2.05,500
684,ValueBuyer,-0.15,196
685,Aggressive,2.3,500
686,Conservative,2.55,500
687,Aggressive,2.35,500
688,Aggressive,0.5,341
689,Random,2.1,500
690,Aggressive,0.1,199
691,Conservative,2.45,500
692,ValueBuyer,2.1,500
693,Conservative,2.35,500
694,Aggressive,2.15,500
695,Aggressive,0.7,377
696,Conservative,2.4,500
697,Aggressive,2.2,500
698,ValueBuyer,0.3,221
699,ValueBuyer,2.4,500
700,ValueBuyer,2.05,500
701,Aggressive,0.05,191
702,Aggressive,2.35,500
703,Aggressive,2.35,500
704,Conservative,2.6,500
705,Random,1.95,500
706,Aggressive,0.15,306
707,Random,2.35,500
708,Aggressive,0.25,173
709,Aggressive,2.05,500
710,ValueBuyer,2.15,500
711,Conservative,2.15,500
712,Aggressive,-0.45,249
713,Aggressive,2.45,500
714,ValueBuyer,-0.65,141
715,Aggressive,-0.15,173
716,Conservative,2.7,500
717,Aggressive,2.25,500
718,ValueBuyer,2.15,500
719,Aggressive,1.95,500
720,Conservative,2.6,500
721,Aggressive,1.8,500
722,Aggressive,2.05,500
723,Conservative,2.35,500
724,Aggressive,2.3,500
725,Aggressive,-0.25,197
726,Conservative,2.55,500
727,Conservative,2.6,500
728,Aggressive,2.25,500
729,ValueBuyer,2.1,500
730,Aggressive,-0.55,401
731,Aggressive,0.65,297
732,Aggressive,2.1,500
733,ValueBuyer,2.5,500
734,Random,1.6,475
735,Random,0.0,251
736,Random,-0.35,209
737,Aggressive,2.05,500
738,ValueBuyer,0.75,302
739,ValueBuyer,2.25,500
740,Conservative,2.6,500
741,Aggressive,2.4,500
742,ValueBuyer,2.5,500
743,Conservative,2.35,500
744,Aggressive,0.1,241
745,Aggressive,2.35,500
746,Aggressive,2.5,500
747,Aggressive,2.4,500
748,Aggressive,2.3,500
749,ValueBuyer,2.25,500
750,ValueBuyer,-0.35,168
751,Aggressive,-0.35,108
752,Conservative,2.05,500
753,Random,1.2,452
754,ValueBuyer,0.4,290
755,Aggressive,0.6,242
756,Random,2.3,500
757,Conservative,2.45,500
758,Aggressive,0.1,208
759,Random,-0.35,201
760,ValueBuyer,2.6,500
761,Conservative,2.45,500
762,Random,-0.05,189
763,ValueBuyer,0.5,378
764,Conservative,2.5,500
765,Aggressive,2.4,500
766,Aggressive,2.25,500
767,Conservative,2.25,500
768,Conservative,2.4,500
769,Aggressive,2.05,500
770,Conservative,2.25,500
771,Aggressive,-0.0,191
772,Aggressive,-0.1,223
773,Conservative,2.5,500
774,ValueBuyer,2.3,500
775,Aggressive,1.95,500
776,Conservative,2.4,500
777,Conservative,2.5,500
778,Conservative,2.75,500
779,Conservative,2.7,500
780,Random,0.2,364
781,Aggressive,2.8,500
782,Random,2.45,500
783,ValueBuyer,0.85,350
784,Aggressive,-0.45,155
785,Aggressive,2.25,500
786,ValueBuyer,0.65,254
787,Random,2.35,500
788,Aggressive,2.55,500
789,ValueBuyer,2.2,500
790,Conservative,2.15,500
791,Aggressive,2.05,500
792,Conservative,2.3,500
793,Aggressive,0.6,310
794,ValueBuyer,2.35,500
795,Aggressive,2.1,500
796,Aggressive,2.45,500
797,Aggressive,2.2,500
798,Aggressive,2.2,500
799,Aggressive,-0.25,144
800,Aggressive,-0.5,93
801,ValueBuyer,-0.5,187
802,ValueBuyer,0.35,490
803,Aggressive,-0.2,158
804,Conservative,2.3,500
805,Random,-0.15,216
806,ValueBuyer,2.0,500
807,Conservative,2.55,500
808,Aggressive,2.4,500
809,Aggressive,2.1,500
810,Aggressive,2.55,500
811,Aggressive,2.4,500
812,Aggressive,-0.2,112
813,Random,-0.55,227
814,Aggressive,2.05,500
815,Random,2.45,500
816,ValueBuyer,-0.1,312
817,Aggressive,2.4,500
818,Conservative,2.65,500
819,ValueBuyer,2.35,500
820,Aggressive,2.45,500
821,Aggressive,0.75,319
822,ValueBuyer,-0.15,179
823,ValueBuyer,2.4,500
824,Aggressive,3.0,500
825,Conservative,2.35,500
826,ValueBuyer,0.8,448
827,Conservative,2.3,500
828,Aggressive,2.05,500
829,ValueBuyer,2.3,500
830,Aggressive,1.05,374
831,Aggressive,2.4,500
832,Aggressive,2.4,500
833,Aggressive,0.25,283
834,Conservative,2.4,500
835,Aggressive,0.3,243
836,ValueBuyer,0.85,338
837,Conservative,2.3,500
838,ValueBuyer,2.15,500
839,Conservative,2.15,500
840,Aggressive,2.45,500
841,ValueBuyer,0.25,188
842,Conservative,2.45,500
843,Conservative,2.5,500
844,Conservative,2.95,500
845,Random,0.8,453
846,Aggressive,0.65,284
847,Aggressive,-0.35,172
848,Random,2.1,500
849,ValueBuyer,2.5,500
850,Aggressive,2.45,500
851,Random,2.15,500
852,ValueBuyer,-0.55,131
853,ValueBuyer,0.3,249
854,ValueBuyer,2.45,500
855,Aggressive,2.55,500
856,Aggressive,2.15,500
857,Aggressive,-0.05,223
858,Aggressive,0.25,311
859,Conservative,2.35,500
860,Random,1.95,500
861,Aggressive,2.4,500
862,Aggressive,0.8,363
863,Conservative,2.45,500
864,Random,2.45,500
865,Conservative,2.3,500
866,Aggressive,2.3,500
867,Aggressive,2.4,500
868,Aggressive,2.15,500
869,Aggressive,2.2,500
870,ValueBuyer,0.95,350
871,Random,2.3,500
872,Random,-0.4,282
873,Aggressive,2.55,500
874,ValueBuyer,2.15,500
875,Aggressive,0.25,197
876,Aggressive,2.25,500
877,Aggressive,0.8,395
878,Aggressive,2.25,500
879,Aggressive,-0.1,157
880,Aggressive,2.05,500
881,Aggressive,2.35,500
882,Aggressive,2.0,500
883,ValueBuyer,2.15,500
884,Aggressive,-0.35,130
885,ValueBuyer,2.55,500
886,ValueBuyer,2.1,500
887,ValueBuyer,2.4,500
888,ValueBuyer,2.6,500
889,Aggressive,-0.45,101
890,Conservative,2.45,500
891,ValueBuyer,0.05,202
892,Aggressive,-0.2,215
893,Aggressive,2.7,500
894,Aggressive,3.0,500
895,ValueBuyer,0.2,291
896,Random,0.6,270
897,Random,2.25,500
898,Conservative,2.7,500
899,ValueBuyer,0.55,228
900,ValueBuyer,2.25,500
901,Aggressive,-0.05,338
902,Aggressive,2.1,500
903,Aggressive,2.1,500
904,Aggressive,2.5,500
905,Aggressive,0.7,344
906,ValueBuyer,0.7,347
907,Aggressive,2.4,500
908,Aggressive,2.05,500
909,Aggressive,0.05,160
910,Aggressive,1.15,448
911,Aggressive,2.25,500
912,ValueBuyer,1.6,471
913,Aggressive,2.35,500
914,Conservative,2.5,500
915,ValueBuyer,1.4,500
916,Aggressive,0.2,223
917,Random,-0.05,500
918,Conservative,2.3,500
919,Aggressive,2.45,500
920,Aggressive,0.05,221
921,Conservative,2.45,500
922,ValueBuyer,2.45,500
923,ValueBuyer,0.3,376
924,Aggressive,2.25,500
925,ValueBuyer,2.25,500
926,Conservative,2.55,500
927,ValueBuyer,0.2,296
928,Conservative,2.5,500
929,Aggressive,0.3,360
930,Aggressive,0.55,315
931,Random,2.45,500
932,Aggressive,0.45,291
933,Aggressive,2.0,500
934,Conservative,2.7,500
935,ValueBuyer,0.9,500
936,Conservative,2.35,500
937,Aggressive,0.25,232
938,ValueBuyer,2.15,500
939,Aggressive,2.75,500
940,Aggressive,2.25,500
941,ValueBuyer,0.05,234
942,Aggressive,0.25,217
943,Conservative,2.6,500
944,Aggressive,0.15,162
945,Aggressive,2.4,500
946,ValueBuyer,2.25,500
947,Conservative,2.4,500
948,Aggressive,0.7,316
949,ValueBuyer,-0.4,108
950,Aggressive,1.25,447
951,Aggressive,0.25,228
952,Random,0.1,336
953,Random,2.0,500
954,Conservative,2.5,500
955,Aggressive,2.5,500
956,ValueBuyer,0.85,298
957,Aggressive,2.5,500
958,ValueBuyer,2.5,500
959,Aggressive,0.6,360
960,Aggressive,1.15,280
961,ValueBuyer,0.05,244
962,ValueBuyer,2.3,500
963,Conservative,2.5,500
964,Conservative,2.5,500
965,Aggressive,2.35,500
966,Aggressive,2.25,500
967,Aggressive,2.3,500
968,ValueBuyer,2.45,500
969,Aggressive,0.5,261
970,ValueBuyer,-0.3,182
971,Random,2.5,500
972,Aggressive,0.0,274
973,Conservative,2.2,500
974,Aggressive,2.55,500
975,Aggressive,0.95,364
976,Conservative,2.4,500
977,Aggressive,2.5,500
978,Conservative,2.55,500
979,Aggressive,1.15,500
980,ValueBuyer,2.4,500
981,Conservative,2.55,500
982,ValueBuyer,2.15,500
983,Aggressive,-0.1,500
984,Aggressive,2.4,500
985,Aggressive,2.2,500
986,Conservative,2.45,500
987,ValueBuyer,2.5,500
988,Aggressive,0.5,381
989,Aggressive,2.1,500
990,Conservative,2.6,500
991,Aggressive,-0.35,172
992,Conservative,2.3,500
993,Aggressive,-0.1,118
994,Conservative,2.15,500
995,ValueBuyer,-0.1,234
996,Aggressive,1.85,500
997,Aggressive,2.45,500
998,Aggressive,0.55,273
999,Conservative,2.35,500
1000,Conservative,2.4,500
1001,Aggressive,-0.05,200
1002,Aggressive,-0.2,308
1003,ValueBuyer,1.9,500
1004,Conservative,2.6,500
1005,Aggressive,3.25,500
1006,Conservative,2.65,500
1007,Aggressive,0.45,239
1008,Aggressive,0.85,356
1009,Aggressive,2.25,500
1010,Aggressive,2.05,500
1011,Random,-0.15,204
1012,Aggressive,-0.25,135
1013,Aggressive,2.35,500
1014,Conservative,2.4,500
1015,Conservative,2.25,500
1016,Random,-0.25,500
1017,Aggressive,2.45,500
1018,Aggressive,2.4,500
1019,ValueBuyer,2.35,500
1020,Aggressive,2.25,500
1021,Conservative,2.2,500
1022,Aggressive,2.25,500
1023,Aggressive,2.4,500
1024,Aggressive,-0.15,194
1025,Aggressive,2.4,500
1026,Conservative,2.35,500
1027,Aggressive,1.2,440
1028,Aggressive,0.25,310
1029,Conservative,2.5,500
1030,Aggressive,2.5,500
1031,Random,1.95,500
1032,Conservative,2.35,500
1033,Aggressive,0.2,174
1034,ValueBuyer,0.25,234
1035,Aggressive,0.0,200
1036,Conservative,2.6,500
1037,ValueBuyer,2.15,500
1038,Aggressive,2.3,500
1039,ValueBuyer,1.75,500
1040,Aggressive,-0.15,188
1041,Aggressive,2.6,500
1042,Aggressive,-0.35,131
1043,Aggressive,0.0,277
1044,Aggressive,2.1,500
1045,Conservative,2.4,500
1046,ValueBuyer,2.15,500
1047,Conservative,2.7,500
1048,Aggressive,2.2,500
1049,Aggressive,2.3,500
1050,ValueBuyer,0.35,304
1051,Aggressive,-0.05,500
1052,Aggressive,0.15,500
1053,ValueBuyer,0.8,288
1054,Conservative,2.25,500
1055,ValueBuyer,2.35,500
1056,Aggressive,-0.55,282
1057,ValueBuyer,2.35,500
1058,Conservative,2.3,500
1059,Random,0.35,271
1060,ValueBuyer,2.35,500
1061,ValueBuyer,0.15,201
1062,Aggressive,-0.15,205
1063,Conservative,2.7,500
1064,Aggressive,-0.8,116
1065,Aggressive,2.15,500
1066,ValueBuyer,2.25,500
1067,Aggressive,2.25,500
1068,Conservative,2.45,500
1069,Conservative,2.2,500
1070,Aggressive,0.25,188
1071,Aggressive,0.25,291
1072,Aggressive,2.6,500
1073,Aggressive,0.6,500
1074,Aggressive,-0.5,185
1075,Aggressive,2.5,500
1076,Random,2.55,500
1077,Aggressive,2.4,500
1078,Aggressive,-0.2,500
1079,Aggressive,-0.3,221
1080,Conservative,2.55,500
1081,Aggressive,2.55,500
1082,Aggressive,2.45,500
1083,Aggressive,0.2,261
1084,Aggressive,2.4,500
1085,Random,2.1,500
1086,ValueBuyer,2.45,500
1087,ValueBuyer,0.1,157
1088,Conservative,2.35,500
1089,Aggressive,2.4,500
1090,ValueBuyer,0.1,204
1091,Aggressive,0.4,269
1092,Conservative,2.45,500
1093,ValueBuyer,0.35,294
1094,ValueBuyer,2.45,500
1095,ValueBuyer,1.8,500
1096,Aggressive,2.3,500
1097,Conservative,2.45,500
1098,Aggressive,2.55,500
1099,Conservative,2.2,500
1100,Aggressive,2.1,500
1101,Conservative,2.3,500
1102,Aggressive,0.05,216
1103,Aggressive,-0.1,176
1104,Aggressive,1.45,481
1105,Aggressive,-0.25,148
1106,ValueBuyer,2.3,500
1107,ValueBuyer,2.4,500
1108,Aggressive,2.7,500
1109,Aggressive,1.5,497
1110,Aggressive,2.55,500
1111,Conservative,2.6,500
1112,Conservative,2.15,500
1113,ValueBuyer,2.0,500
1114,Random,2.3,500
1115,Aggressive,-0.5,172
1116,Aggressive,2.15,500
1117,ValueBuyer,2.0,500
1118,Aggressive,2.6,500
1119,ValueBuyer,2.2,500
1120,Conservative,2.35,500
1121,Aggressive,2.55,500
1122,Aggressive,-0.05,181
1123,Conservative,2.75,500
1124,Aggressive,2.45,500
1125,Aggressive,2.35,500
1126,ValueBuyer,2.4,500
1127,Aggressive,0.45,255
1128,ValueBuyer,2.6,500
1129,Aggressive,2.35,500
1130,Conservative,2.8,500
1131,ValueBuyer,-0.25,159
1132,Aggressive,1.9,500
1133,Aggressive,2.15,500
1134,Conservative,2.1,500
1135,Aggressive,2.4,500
1136,Conservative,2.8,500
1137,Aggressive,2.35,500
1138,Aggressive,0.8,339
1139,Aggressive,2.45,500
1140,Conservative,2.35,500
1141,Conservative,2.5,500
1142,Conservative,2.65,500
1143,Aggressive,0.25,197
1144,Conservative,2.4,500
1145,ValueBuyer,0.15,170
1146,ValueBuyer,-0.2,339
1147,Aggressive,2.55,500
1148,Conservative,2.55,500
1149,Aggressive,2.1,500
1150,Conservative,2.65,500
1151,Aggressive,-0.05,115
1152,Aggressive,-0.1,229
1153,Aggressive,2.3,500
1154,Random,2.5,500
1155,Random,2.35,500
1156,ValueBuyer,2.35,500
1157,Aggressive,0.45,289
1158,Aggressive,-0.25,500
1159,Aggressive,2.4,500
1160,Aggressive,2.2,500
1161,Aggressive,-0.65,172
1162,ValueBuyer,2.3,500
1163,Random,2.2,500
1164,Aggressive,2.4,500
1165,Conservative,2.55,500
1166,Aggressive,0.15,262
1167,Conservative,2.45,500
1168,Aggressive,0.35,215
1169,Aggressive,2.1,500
1170,Conservative,2.3,500
1171,Aggressive,0.4,119
1172,Aggressive,2.25,500
1173,Aggressive,0.15,243
1174,ValueBuyer,2.35,500
1175,Aggressive,1.35,477
1176,Conservative,2.7,500
1177,Conservative,2.55,500
1178,Conservative,2.35,500
1179,Aggressive,0.25,256
1180,Aggressive,2.4,500
1181,Conservative,2.75,500
1182,Aggressive,-0.2,148
1183,Aggressive,1.35,500
1184,ValueBuyer,2.25,500
1185,Conservative,2.35,500
1186,Random,2.0,500
1187,Aggressive,0.0,194
1188,Conservative,2.1,500
1189,ValueBuyer,0.2,500
1190,Aggressive,2.1,500
1191,Conservative,2.6,500
1192,Aggressive,0.5,226
1193,Aggressive,2.35,500
1194,Aggressive,2.35,500
1195,ValueBuyer,0.25,262
1196,ValueBuyer,0.05,285
1197,Conservative,2.3,500
1198,ValueBuyer,1.95,500
1199,Aggressive,2.6,500
1200,Aggressive,0.0,175
1201,Conservative,2.25,500
1202,Conservative,2.55,500
1203,Aggressive,-0.15,120
1204,Conservative,2.4,500
1205,Aggressive,2.1,500
1206,Random,2.2,500
1207,Aggressive,2.25,500
1208,Aggressive,-0.1,171
1209,Aggressive,2.35,500
1210,ValueBuyer,2.5,500
1211,Conservative,2.05,500
1212,Aggressive,-0.45,130
1213,Random,-0.1,152
1214,Conservative,2.4,500
1215,ValueBuyer,0.6,219
1216,ValueBuyer,2.35,500
1217,Conservative,2.35,500
1218,Conservative,2.65,500
1219,Aggressive,2.25,500
1220,Aggressive,-0.6,140
1221,Aggressive,2.15,500
1222,ValueBuyer,2.25,500
1223,Aggressive,2.4,500
1224,ValueBuyer,0.05,176
1225,ValueBuyer,-0.05,222
1226,ValueBuyer,2.35,500
1227,Aggressive,-0.05,128
1228,Conservative,2.55,500
1229,ValueBuyer,2.3,500
1230,Aggressive,2.55,500
1231,ValueBuyer,-0.6,229
1232,Aggressive,1.9,500
1233,ValueBuyer,2.25,500
1234,Aggressive,-0.5,153
1235,Aggressive,0.25,260
1236,Aggressive,2.55,500
1237,Conservative,2.55,500
1238,Aggressive,2.35,500
1239,Conservative,2.5,500
1240,ValueBuyer,0.6,314
1241,ValueBuyer,0.35,236
1242,Aggressive,2.4,500
1243,Random,2.4,500
1244,ValueBuyer,-0.15,256
1245,Aggressive,2.4,500
1246,Aggressive,0.9,416
1247,Aggressive,1.95,500
1248,ValueBuyer,2.25,500
1249,Conservative,2.7,500
1250,Aggressive,0.45,188
1251,ValueBuyer,2.4,500
1252,ValueBuyer,2.15,500
1253,ValueBuyer,2.4,500
1254,Aggressive,2.4,500
1255,Aggressive,2.15,500
1256,Aggressive,-0.15,143
1257,Conservative,2.8,500
1258,Conservative,2.35,500
1259,Aggressive,2.0,500
1260,Aggressive,-0.25,276
1261,Aggressive,2.35,500
1262,Aggressive,0.15,252
1263,ValueBuyer,2.0,500
1264,Aggressive,2.55,500
1265,ValueBuyer,0.75,278
1266,Aggressive,2.45,500
1267,Aggressive,1.95,500
1268,Conservative,2.6,500
1269,Conservative,2.45,500
1270,Conservative,2.3,500
1271,Conservative,2.15,500
1272,Aggressive,2.15,500
1273,Random,1.85,500
1274,Aggressive,2.2,500
1275,Aggressive,-0.3,500
1276,Aggressive,1.95,442
1277,Conservative,2.0,500
1278,Conservative,2.25,500
1279,Aggressive,-0.5,90
1280,Aggressive,0.0,201
1281,Aggressive,2.15,500
1282,Aggressive,2.35,500
1283,ValueBuyer,0.05,174
1284,ValueBuyer,2.0,500
1285,ValueBuyer,-0.3,233
1286,Aggressive,2.15,500
1287,Aggressive,2.4,500
1288,Aggressive,1.1,496
1289,Conservative,2.5,500
1290,Aggressive,0.15,202
1291,Aggressive,-0.35,128
1292,Aggressive,2.4,500
1293,Conservative,2.5,500
1294,Aggressive,2.2,500
1295,ValueBuyer,2.4,500
1296,Aggressive,0.55,359
1297,Aggressive,2.25,500
1298,ValueBuyer,2.35,500
1299,Conservative,2.45,500
1300,Aggressive,2.2,500
1301,Aggressive,-0.1,138
1302,Conservative,2.2,500
1303,ValueBuyer,2.35,500
1304,Conservative,2.4,500
1305,Random,0.45,328
1306,Aggressive,2.15,500
1307,Aggressive,2.45,500
1308,Aggressive,0.0,173
1309,Aggressive,-0.45,200
1310,Aggressive,2.3,500
1311,Conservative,2.5,500
1312,Aggressive,2.3,500
1313,Aggressive,2.25,500
1314,Conservative,2.4,500
1315,Aggressive,1.65,483
1316,Conservative,2.45,500
1317,Aggressive,2.3,500
1318,Aggressive,2.3,500
1319,ValueBuyer,-0.3,176
1320,Aggressive,-0.35,500
1321,Aggressive,-0.05,199
1322,Conservative,2.35,500
1323,Random,-0.2,216
1324,Aggressive,0.05,146
1325,Aggressive,1.75,500
1326,Aggressive,2.3,500
1327,Conservative,2.1,500
1328,ValueBuyer,2.05,500
1329,Conservative,2.4,500
1330,Aggressive,2.55,500
1331,Aggressive,-0.1,181
1332,ValueBuyer,-0.2,116
1333,Aggressive,-0.2,357
1334,Aggressive,2.45,500
1335,Aggressive,2.6,500
1336,Aggressive,2.6,500
1337,Aggressive,2.75,500
1338,Aggressive,-0.1,177
1339,Aggressive,2.5,500
1340,Aggressive,0.85,395
1341,Random,2.3,500
1342,Aggressive,0.05,142
1343,Conservative,3.3,500
1344,Aggressive,2.65,500
1345,ValueBuyer,2.15,500
1346,Aggressive,2.25,500
1347,Aggressive,2.35,500
1348,Conservative,2.3,500
1349,Random,-0.3,250
1350,Aggressive,2.5,500
1351,ValueBuyer,2.45,500
1352,ValueBuyer,2.15,500
1353,Aggressive,2.3,500
1354,ValueBuyer,2.3,500
1355,Aggressive,2.15,500
1356,ValueBuyer,2.65,500
1357,Aggressive,-0.15,234
1358,Aggressive,-0.05,222
1359,Aggressive,0.15,261
1360,ValueBuyer,0.05,200
1361,Aggressive,0.2,256
1362,ValueBuyer,2.3,500
1363,Conservative,2.55,500
1364,Conservative,2.5,500
1365,Conservative,2.5,500
1366,Aggressive,0.15,204
1367,ValueBuyer,0.25,244
1368,Aggressive,2.55,500
1369,Aggressive,-0.35,150
1370,Aggressive,0.75,359
1371,Aggressive,0.75,455
1372,Aggressive,0.55,250
1373,Aggressive,-0.15,202
1374,Aggressive,2.45,500
1375,Aggressive,0.15,199
1376,Conservative,2.3,500
1377,Aggressive,2.6,500
1378,Random,1.0,397
1379,Aggressive,0.3,264
1380,Conservative,2.35,500
1381,Aggressive,2.25,500
1382,Conservative,2.5,500
1383,Aggressive,2.65,500
1384,ValueBuyer,0.35,233
1385,Conservative,2.55,500
1386,Random,0.1,378
1387,Aggressive,0.05,248
1388,Aggressive,-0.35,147
1389,Aggressive,2.25,500
1390,Aggressive,2.5,500
1391,Conservative,2.25,500
1392,Aggressive,-0.25,182
1393,Conservative,2.25,500
1394,Aggressive,2.05,500
1395,Conservative,2.25,500
1396,ValueBuyer,0.15,500
1397,Conservative,2.45,500
1398,Aggressive,0.7,291
1399,ValueBuyer,2.4,500
1400,Aggressive,-0.25,191
1401,Aggressive,2.7,500
1402,Aggressive,0.2,180
1403,ValueBuyer,2.3,500
1404,Aggressive,2.45,500
1405,Random,-0.05,329
1406,Aggressive,2.3,500
1407,Conservative,2.5,500
1408,ValueBuyer,2.6,500
1409,Aggressive,0.25,219
1410,Random,2.25,500
1411,Random,2.25,500
1412,Aggressive,1.1,500
1413,Conservative,2.5,500
1414,Conservative,2.25,500
1415,Aggressive,2.4,500
1416,Aggressive,0.75,404
1417,Aggressive,2.15,500
1418,Aggressive,-0.45,145
1419,ValueBuyer,-0.1,187
1420,Aggressive,0.0,196
1421,Aggressive,-0.1,219
1422,Conservative,2.45,500
1423,ValueBuyer,2.3,500
1424,Conservative,2.4,500
1425,Conservative,2.5,500
1426,Conservative,2.25,500
1427,Aggressive,0.75,250
1428,Conservative,2.65,500
1429,ValueBuyer,0.0,286
1430,Aggressive,-0.25,401
1431,ValueBuyer,2.1,500
1432,Aggressive,2.1,500
1433,Aggressive,-0.4,141
1434,Aggressive,1.15,500
1435,Aggressive,2.35,500
1436,Aggressive,0.95,364
1437,Aggressive,2.4,500
1438,Conservative,2.55,500
1439,Aggressive,0.65,284
1440,Aggressive,0.2,238
1441,ValueBuyer,2.65,500
1442,Aggressive,2.25,500
1443,ValueBuyer,0.25,245
1444,Conservative,2.35,500
1445,Random,-0.35,354
1446,Random,2.5,500
1447,Aggressive,2.35,500
1448,Aggressive,2.25,500
1449,Random,2.3,500
1450,Aggressive,1.45,500
1451,Aggressive,0.9,396
1452,Aggressive,0.5,326
1453,Aggressive,2.6,500
1454,Aggressive,1.9,500
1455,Aggressive,2.0,500
1456,Aggressive,0.0,236
1457,Conservative,2.45,500
1458,Aggressive,1.25,403
1459,Random,2.6,500
1460,Aggressive,-0.3,171
1461,Aggressive,2.4,500
1462,ValueBuyer,2.35,500
1463,Random,-0.2,124
1464,Aggressive,2.4,500
1465,Conservative,2.25,500
1466,Aggressive,-0.2,245
1467,Aggressive,-0.4,165
1468,Aggressive,-0.3,234
1469,Conservative,2.4,500
1470,Random,2.4,500
1471,ValueBuyer,1.95,500
1472,Aggressive,-0.35,188
1473,Aggressive,2.35,500
1474,Aggressive,-0.2,132
1475,ValueBuyer,-0.35,151
1476,Conservative,2.45,500
1477,Random,2.3,500
1478,Aggressive,-0.3,214
1479,ValueBuyer,2.25,500
1480,Conservative,2.4,500
1481,Aggressive,2.4,500
1482,ValueBuyer,-0.1,160
1483,Aggressive,0.85,355
1484,Aggressive,2.1,500
1485,Aggressive,2.55,500
1486,Aggressive,2.15,500
1487,Conservative,2.15,500
1488,Aggressive,2.25,500
1489,Aggressive,-0.1,187
1490,Aggressive,2.25,500
1491,Aggressive,-0.5,178
1492,Aggressive,2.45,500
1493,Aggressive,2.5,500
1494,ValueBuyer,-0.15,213
1495,Aggressive,0.15,500
1496,Random,2.4,500
1497,ValueBuyer,2.4,500
1498,ValueBuyer,2.2,500
1499,Conservative,2.6,500
1500,Aggressive,2.25,500
1501,Aggressive,0.45,367
1502,Aggressive,2.65,500
1503,Aggressive,-0.25,228
1504,Conservative,2.75,500
1505,Aggressive,2.2,500
1506,ValueBuyer,-0.35,168
1507,Conservative,2.15,500
1508,Conservative,2.65,500
1509,Conservative,2.5,500
1510,Conservative,2.4,500
1511,ValueBuyer,0.4,500
1512,ValueBuyer,2.5,500
1513,Aggressive,2.1,500
1514,Aggressive,-0.15,205
1515,Aggressive,-0.3,163
1516,Conservative,2.45,500
1517,Aggressive,2.3,500
1518,Aggressive,2.3,500
1519,Conservative,2.4,500
1520,Aggressive,-0.1,185
1521,Aggressive,2.4,500
1522,Aggressive,0.3,245
1523,Random,2.15,500
1524,Aggressive,2.35,500
1525,Aggressive,2.25,500
1526,Aggressive,2.7,500
1527,Aggressive,2.4,500
1528,Aggressive,2.4,500
1529,Aggressive,-0.35,231
1530,Conservative,2.75,500
1531,Conservative,2.6,500
1532,Aggressive,2.2,500
1533,Aggressive,0.2,217
1534,Conservative,2.8,500
1535,Aggressive,2.2,500
1536,Aggressive,2.1,500
1537,Conservative,2.2,500
1538,Random,0.3,219
1539,Aggressive,2.5,500
1540,ValueBuyer,2.25,500
1541,Aggressive,-0.2,220
1542,Aggressive,-0.35,187
1543,ValueBuyer,2.1,452
1544,ValueBuyer,-0.15,500
1545,Aggressive,-0.15,105
1546,Aggressive,1.15,462
1547,Conservative,2.55,500
1548,Conservative,2.45,500
1549,Random,2.45,500
1550,Aggressive,-0.15,145
1551,Aggressive,-0.4,153
1552,ValueBuyer,1.2,500
1553,Random,2.3,500
1554,Conservative,2.55,500
1555,Aggressive,-0.2,500
1556,Aggressive,2.1,500
1557,Aggressive,2.2,500
1558,Aggressive,2.55,500
1559,Conservative,2.5,500
1560,Aggressive,2.4,500
1561,Aggressive,0.5,352
1562,Random,0.2,194
1563,Aggressive,2.55,500
1564,Aggressive,0.15,293
1565,ValueBuyer,2.5,500
1566,Aggressive,2.4,500
1567,ValueBuyer,0.4,252
1568,Aggressive,0.2,201
1569,Aggressive,2.45,500
1570,Random,0.05,216
1571,Aggressive,2.4,500
1572,Aggressive,2.35,500
1573,Aggressive,2.4,500
1574,Conservative,2.5,500
1575,Conservative,2.45,500
1576,Aggressive,0.4,256
1577,Random,-0.15,174
1578,Aggressive,1.15,447
1579,Aggressive,0.75,419
1580,Aggressive,0.15,234
1581,Aggressive,1.9,478
1582,ValueBuyer,2.4,500
1583,Conservative,2.2,500
1584,Conservative,2.5,500
1585,Conservative,2.2,500
1586,Conservative,2.55,500
1587,Conservative,2.65,500
1588,Conservative,2.4,500
1589,Conservative,2.35,500
1590,Aggressive,0.05,500
1591,Conservative,2.3,500
1592,Conservative,2.3,500
1593,ValueBuyer,2.5,500
1594,Random,2.4,500
1595,ValueBuyer,0.8,384
1596,ValueBuyer,0.35,256
1597,Conservative,2.45,500
1598,Aggressive,2.6,500
1599,Aggressive,2.1,500
1600,Aggressive,2.15,500
1601,Aggressive,1.95,500
1602,Conservative,2.45,500
1603,Aggressive,-0.55,228
1604,Aggressive,2.6,500
1605,Aggressive,0.0,214
1606,Conservative,2.25,500
1607,Aggressive,0.8,481
1608,ValueBuyer,-0.15,203
1609,Conservative,2.45,500
1610,ValueBuyer,2.4,500
1611,ValueBuyer,-0.4,108
1612,Aggressive,2.25,500
1613,Aggressive,0.15,219
1614,Aggressive,2.15,500
1615,Random,-0.15,219
1616,Random,0.1,262
1617,Conservative,2.6,500
1618,ValueBuyer,0.6,335
1619,Aggressive,2.35,500
1620,Conservative,2.55,500
1621,Random,2.2,500
1622,Aggressive,2.35,500
1623,Aggressive,2.35,500
1624,Conservative,2.3,500
1625,Aggressive,2.5,500
1626,Aggressive,-0.15,177
1627,ValueBuyer,2.25,500
1628,Conservative,2.45,500
1629,Conservative,2.15,500
1630,Aggressive,2.4,500
1631,Aggressive,2.45,500
1632,ValueBuyer,0.65,212
1633,Conservative,2.65,500
1634,Aggressive,2.0,500
1635,Aggressive,-0.05,209
1636,Aggressive,2.45,500
1637,Conservative,2.6,500
1638,Conservative,2.15,500
1639,Aggressive,-0.15,185
1640,Random,1.0,442
1641,ValueBuyer,-0.05,203
1642,Aggressive,2.4,500
1643,Aggressive,-0.1,160
1644,Aggressive,1.75,500
1645,Aggressive,2.7,500
1646,Aggressive,0.55,313
1647,Aggressive,0.2,355
1648,Aggressive,2.1,500
1649,ValueBuyer,-0.35,83
1650,Conservative,2.15,500
1651,Aggressive,0.3,202
1652,Conservative,2.55,500
1653,Conservative,2.4,500
1654,Aggressive,2.35,500
1655,ValueBuyer,0.75,313
1656,Aggressive,1.25,410
1657,ValueBuyer,2.1,500
1658,Conservative,2.2,500
1659,Conservative,2.4,500
1660,Aggressive,0.55,339
1661,Conservative,2.35,500
1662,Aggressive,2.3,500
1663,Aggressive,2.25,500
1664,Aggressive,2.4,500
1665,ValueBuyer,-0.3,249
1666,Conservative,2.75,500
1667,Aggressive,-0.05,209
1668,Aggressive,2.35,500
1669,Random,2.5,500
1670,Aggressive,2.4,500
1671,Aggressive,0.25,213
1672,Aggressive,0.35,281
1673,Conservative,2.3,500
1674,Aggressive,2.45,500
1675,Aggressive,1.95,500
1676,Conservative,2.25,500
1677,Aggressive,0.65,308
1678,Aggressive,2.3,500
1679,Aggressive,2.65,500
1680,ValueBuyer,2.45,500
1681,Aggressive,-0.05,178
1682,Aggressive,2.15,500
1683,Conservative,2.35,500
1684,Aggressive,2.35,500
1685,ValueBuyer,2.15,500
1686,Conservative,2.3,500
1687,Conservative,2.3,500
1688,Aggressive,2.25,500
1689,Aggressive,2.55,500
1690,Random,2.3,500
1691,ValueBuyer,2.15,500
1692,Aggressive,-0.15,149
1693,Random,1.9,500
1694,Conservative,2.45,500
1695,Aggressive,2.65,500
1696,Aggressive,2.4,500
1697,ValueBuyer,2.1,500
1698,Aggressive,2.15,500
1699,Aggressive,-0.15,134
1700,Aggressive,2.35,500
1701,Conservative,2.45,500
1702,Aggressive,0.85,250
1703,ValueBuyer,0.45,375
1704,Conservative,2.5,500
1705,ValueBuyer,2.4,500
1706,Random,0.0,262
1707,Aggressive,2.2,500
1708,Conservative,2.5,500
1709,ValueBuyer,2.15,500
1710,Aggressive,-0.5,141
1711,Conservative,2.35,500
1712,Aggressive,0.4,190
1713,Aggressive,0.05,171
1714,Conservative,2.6,500
1715,Aggressive,-0.35,188
1716,ValueBuyer,0.55,295
1717,Conservative,2.55,500
1718,Aggressive,1.9,500
1719,ValueBuyer,-0.1,228
1720,ValueBuyer,0.1,292
1721,Aggressive,0.45,247
1722,ValueBuyer,0.05,190
1723,Conservative,2.4,500
1724,Aggressive,3.25,500
1725,Conservative,2.55,500
1726,Random,2.45,500
1727,ValueBuyer,2.3,500
1728,Aggressive,0.35,179
1729,Conservative,2.55,500
1730,Conservative,2.55,500
1731,Random,-0.1,468
1732,Conservative,2.7,500
1733,Aggressive,2.5,500
1734,ValueBuyer,1.95,500
1735,Conservative,2.4,500
1736,Conservative,3.05,500
1737,Conservative,2.55,500
1738,Aggressive,2.5,500
1739,Aggressive,1.0,322
1740,Aggressive,2.35,500
1741,Conservative,2.6,500
1742,Aggressive,2.55,500
1743,Aggressive,2.3,500
1744,Conservative,2.15,500
1745,Random,2.15,500
1746,Conservative,2.35,500
1747,Conservative,2.7,500
1748,Conservative,2.25,500
1749,ValueBuyer,1.05,500
1750,Aggressive,2.25,500
1751,ValueBuyer,0.9,374
1752,ValueBuyer,2.2,500
1753,Aggressive,2.35,500
1754,Aggressive,2.5,500
1755,Aggressive,-0.2,183
1756,Aggressive,-0.4,133
1757,ValueBuyer,1.95,500
1758,ValueBuyer,2.5,500
1759,Aggressive,-0.2,140
1760,Aggressive,-0.5,208
1761,Aggressive,2.1,500
1762,Aggressive,0.5,272
1763,Aggressive,2.0,500
1764,Aggressive,0.75,382
1765,Aggressive,2.4,500
1766,Aggressive,2.35,500
1767,Conservative,2.5,500
1768,Conservative,2.75,500
1769,ValueBuyer,2.35,500
1770,Random,2.2,500
1771,Random,2.2,500
1772,Aggressive,2.25,500
1773,Aggressive,2.2,500
1774,Conservative,2.2,500
1775,Conservative,2.55,500
1776,ValueBuyer,2.45,500
1777,Random,2.25,500
1778,Random,2.2,500
1779,Conservative,2.45,500
1780,Random,2.35,500
1781,Aggressive,-0.55,134
1782,Aggressive,-0.15,175
1783,ValueBuyer,2.35,500
1784,Conservative,2.8,500
1785,Aggressive,0.5,266
1786,Aggressive,2.15,500
1787,ValueBuyer,0.1,323
1788,Aggressive,2.15,500
1789,Conservative,2.45,500
1790,Aggressive,-0.1,130
1791,Aggressive,0.35,260
1792,Aggressive,2.25,500
1793,Conservative,2.45,500
1794,Aggressive,2.6,500
1795,ValueBuyer,-0.3,167
1796,Aggressive,2.4,500
1797,ValueBuyer,1.3,428
1798,Conservative,2.35,500
1799,Aggressive,-0.1,195
1800,Aggressive,2.2,500
1801,ValueBuyer,1.9,500
1802,Aggressive,-0.05,160
1803,Aggressive,2.3,500
1804,Aggressive,2.35,500
1805,Aggressive,1.0,374
1806,ValueBuyer,0.25,307
1807,Conservative,2.15,500
1808,Aggressive,2.3,500
1809,ValueBuyer,2.45,500
1810,Aggressive,2.45,500
1811,Aggressive,0.4,215
1812,Conservative,2.5,500
1813,Aggressive,2.55,500
1814,Aggressive,0.35,358
1815,Aggressive,2.15,500
1816,Conservative,2.6,500
1817,Conservative,2.45,500
1818,Aggressive,2.1,500
1819,Conservative,2.8,500
1820,Conservative,2.3,500
1821,Aggressive,2.15,500
1822,ValueBuyer,0.5,271
1823,ValueBuyer,3.1,500
1824,Aggressive,2.1,500
1825,Aggressive,2.25,500
1826,Conservative,2.55,500
1827,Aggressive,2.2,500
1828,Conservative,2.35,500
1829,ValueBuyer,2.3,500
1830,Aggressive,-0.4,149
1831,ValueBuyer,-0.2,112
1832,Aggressive,2.45,500
1833,Aggressive,2.5,500
1834,ValueBuyer,-0.1,145
1835,Aggressive,0.0,182
1836,Aggressive,1.25,457
1837,Aggressive,0.0,206
1838,Aggressive,0.15,142
1839,Conservative,2.65,500
1840,Random,1.0,500
1841,Aggressive,1.95,500
1842,Conservative,2.8,500
1843,Aggressive,0.95,458
1844,Random,2.3,500
1845,Conservative,2.45,500
1846,Conservative,2.45,500
1847,Conservative,2.5,500
1848,Conservative,2.6,500
1849,Aggressive,2.35,500
1850,Aggressive,-0.25,210
1851,Aggressive,-0.05,332
1852,Conservative,2.3,500
1853,ValueBuyer,2.1,500
1854,Conservative,2.5,500
1855,Aggressive,2.45,500
1856,Aggressive,2.3,500
1857,Conservative,2.25,500
1858,ValueBuyer,0.2,310
1859,Aggressive,2.55,500
1860,Aggressive,2.3,500
1861,Aggressive,0.9,413
1862,Aggressive,2.45,500
1863,Aggressive,2.4,500
1864,Aggressive,2.2,500
1865,Conservative,2.4,500
1866,Aggressive,2.2,500
1867,Aggressive,2.35,500
1868,Conservative,2.25,500
1869,Conservative,2.4,500
1870,ValueBuyer,2.4,500
1871,Aggressive,2.45,500
1872,ValueBuyer,0.0,281
1873,Random,2.0,500
1874,Aggressive,2.5,500
1875,ValueBuyer,2.3,500
1876,Conservative,2.3,500
1877,Aggressive,-0.1,253
1878,Conservative,2.75,500
1879,Aggressive,2.4,500
1880,Aggressive,2.15,500
1881,Conservative,2.65,500
1882,Aggressive,0.45,302
1883,Conservative,2.6,500
1884,Aggressive,2.5,500
1885,Aggressive,2.2,500
1886,Aggressive,2.55,500
1887,Aggressive,2.55,500
1888,ValueBuyer,-0.25,177
1889,ValueBuyer,2.1,500
1890,Random,2.05,500
1891,Aggressive,2.35,500
1892,Random,0.0,271
1893,Aggressive,0.9,345
1894,Aggressive,2.4,500
1895,ValueBuyer,0.1,210
1896,Aggressive,2.45,500
1897,Conservative,2.1,500
1898,Aggressive,2.5,500
1899,Aggressive,2.25,500
1900,Aggressive,0.05,204
1901,Aggressive,0.2,208
1902,ValueBuyer,1.05,363
1903,Aggressive,0.3,173
1904,Aggressive,0.1,263
1905,Random,2.35,500
1906,Conservative,2.3,500
1907,ValueBuyer,2.2,500
1908,ValueBuyer,2.15,500
1909,Aggressive,0.85,289
1910,Aggressive,0.4,352
1911,Aggressive,-0.35,139
1912,ValueBuyer,-0.35,327
1913,Aggressive,-0.45,492
1914,Aggressive,2.35,500
1915,Aggressive,2.9,500
1916,ValueBuyer,2.35,500
1917,ValueBuyer,2.3,500
1918,Aggressive,2.35,500
1919,Conservative,2.5,500
1920,Conservative,2.1,500
1921,Conservative,2.55,500
1922,Aggressive,2.2,500
1923,ValueBuyer,-0.25,266
1924,ValueBuyer,1.95,500
1925,ValueBuyer,0.15,230
1926,Aggressive,0.8,497
1927,Aggressive,0.05,189
1928,Aggressive,2.1,500
1929,ValueBuyer,-0.05,142
1930,Conservative,2.4,500
1931,Aggressive,2.25,500
1932,ValueBuyer,2.4,500
1933,Conservative,2.5,500
1934,Aggressive,0.3,208
1935,Aggressive,1.15,480
1936,Random,2.0,500
1937,Aggressive,0.85,500
1938,Conservative,2.45,500
1939,Random,0.2,257
1940,ValueBuyer,2.25,500
1941,Aggressive,2.5,500
1942,ValueBuyer,-0.3,169
1943,ValueBuyer,0.5,330
1944,Aggressive,-0.25,214
1945,Aggressive,2.35,500
1946,Aggressive,-0.4,239
1947,Aggressive,2.55,500
1948,Aggressive,0.05,235
1949,Random,0.95,500
1950,Conservative,2.5,500
1951,Aggressive,-0.25,202
1952,Aggressive,2.6,500
1953,Aggressive,2.15,500
1954,Aggressive,2.45,500
1955,Random,0.55,497
1956,Aggressive,2.35,500
1957,Conservative,2.35,500
1958,Aggressive,2.3,500
1959,ValueBuyer,1.6,500
1960,Aggressive,0.35,299
1961,ValueBuyer,-0.45,125
1962,Aggressive,0.35,301
1963,Aggressive,0.45,248
1964,ValueBuyer,2.15,500
1965,Aggressive,2.2,500
1966,ValueBuyer,2.1,500
1967,Random,-0.45,500
1968,ValueBuyer,2.55,500
1969,Aggressive,-0.4,182
1970,Aggressive,-0.35,500
1971,Aggressive,2.7,500
1972,ValueBuyer,2.15,500
1973,Conservative,2.65,500
1974,ValueBuyer,2.2,500
1975,ValueBuyer,-0.55,120
1976,Aggressive,0.3,263
1977,Aggressive,2.35,500
1978,Aggressive,0.65,352
1979,ValueBuyer,2.6,500
1980,ValueBuyer,0.1,402
1981,Aggressive,0.3,181
1982,Aggressive,2.3,500
1983,Aggressive,2.05,500
1984,Random,0.3,288
1985,Aggressive,2.35,500
1986,Aggressive,-0.65,188
1987,Random,2.15,500
1988,ValueBuyer,2.25,500
1989,Aggressive,-0.3,215
1990,Aggressive,2.4,500
1991,Conservative,2.35,500
1992,Aggressive,0.4,500
1993,Aggressive,2.8,500
1994,Aggressive,0.75,459
1995,Aggressive,2.4,500
1996,Aggressive,2.3,500
1997,ValueBuyer,2.25,500
1998,Random,2.35,500
1999,Conservative,2.25,500
2000,Aggressive,2.6,500
2001,Aggressive,-0.4,98
2002,Conservative,2.35,500
2003,Conservative,1.95,500
2004,Aggressive,2.15,500
2005,Aggressive,0.7,363
2006,Aggressive,0.35,297
2007,Aggressive,-0.2,148
2008,Aggressive,2.2,500
2009,Conservative,2.55,500
2010,Random,2.4,500
2011,Random,2.7,500
2012,Aggressive,2.5,500
2013,Conservative,2.65,500
2014,ValueBuyer,0.85,294
2015,ValueBuyer,2.25,500
2016,Aggressive,2.45,500
2017,Aggressive,2.3,500
2018,Conservative,2.4,500
2019,Aggressive,-0.25,264
2020,Aggressive,-0.2,137
2021,ValueBuyer,-0.05,229
2022,Aggressive,2.35,500
2023,Aggressive,0.35,199
2024,Conservative,2.3,500
2025,Aggressive,-0.05,213
2026,Conservative,2.7,500
2027,Random,2.2,500
2028,Aggressive,2.5,500
2029,Aggressive,2.15,500
2030,Conservative,2.8,500
2031,Conservative,2.45,500
2032,Conservative,2.55,500
2033,Aggressive,2.45,500
2034,Aggressive,-0.35,197
2035,Aggressive,2.4,500
2036,Aggressive,1.95,500
2037,Random,0.4,249
2038,Aggressive,0.2,267
2039,ValueBuyer,2.45,500
2040,Conservative,2.3,500
2041,Aggressive,-0.3,125
2042,ValueBuyer,0.85,433
2043,Aggressive,0.5,347
2044,Random,-0.25,205
2045,Aggressive,0.15,210
2046,Aggressive,0.2,163
2047,Aggressive,2.0,500
2048,Conservative,2.5,500
2049,Aggressive,-0.1,137
2050,ValueBuyer,2.2,500
2051,Aggressive,2.55,500
2052,Aggressive,2.35,500
2053,Conservative,2.45,500
2054,Aggressive,2.1,500
2055,Aggressive,2.2,500
2056,Conservative,2.25,500
2057,Conservative,2.3,500
2058,Conservative,2.3,500
2059,ValueBuyer,2.0,500
2060,Aggressive,2.3,500
2061,ValueBuyer,-0.25,130
2062,Aggressive,-0.05,181
2063,Random,2.3,500
2064,Aggressive,0.0,150
2065,Conservative,2.3,500
2066,Random,2.65,500
2067,Aggressive,2.45,500
2068,ValueBuyer,0.25,246
2069,Conservative,2.5,500
2070,Random,1.1,500
2071,ValueBuyer,2.25,500
2072,Aggressive,2.7,500
2073,Aggressive,-0.2,197
2074,Conservative,2.45,500
2075,Random,1.95,500
2076,ValueBuyer,-0.4,144
2077,Aggressive,2.25,500
2078,ValueBuyer,-0.4,114
2079,ValueBuyer,0.1,224
2080,Aggressive,2.4,500
2081,Aggressive,0.05,195
2082,ValueBuyer,0.65,424
2083,ValueBuyer,2.25,500
2084,ValueBuyer,2.35,500
2085,ValueBuyer,0.15,217
2086,Aggressive,2.6,500
2087,Aggressive,-0.15,245
2088,ValueBuyer,-0.05,347
2089,ValueBuyer,-0.05,190
2090,Conservative,2.65,500
2091,Conservative,2.5,500
2092,Conservative,2.6,500
2093,Aggressive,0.1,264
2094,Aggressive,2.5,500
2095,ValueBuyer,2.5,500
2096,Aggressive,2.05,500
2097,Aggressive,-0.2,175
2098,Aggressive,2.3,500
2099,ValueBuyer,0.0,178
2100,Aggressive,2.25,500
2101,Aggressive,2.15,500
2102,Random,2.25,500
2103,ValueBuyer,2.4,500
2104,Aggressive,2.75,500
2105,Aggressive,2.05,500
2106,ValueBuyer,-0.45,157
2107,Aggressive,0.2,277
2108,Aggressive,1.95,500
2109,Aggressive,2.3,500
2110,Conservative,2.45,500
2111,Aggressive,2.2,500
2112,ValueBuyer,-0.05,172
2113,ValueBuyer,0.75,500
2114,ValueBuyer,0.15,248
2115,ValueBuyer,2.4,500
2116,Aggressive,2.15,500
2117,Aggressive,2.9,500
2118,ValueBuyer,1.8,396
2119,Aggressive,2.4,500
2120,ValueBuyer,-0.55,81
2121,ValueBuyer,0.85,401
2122,Aggressive,2.0,500
2123,Random,-0.15,166
2124,Conservative,2.5,500
2125,Aggressive,1.8,500
2126,Aggressive,2.0,500
2127,Conservative,2.55,500
2128,Aggressive,1.9,500
2129,ValueBuyer,2.3,500
2130,Random,2.3,500
2131,Conservative,2.8,500
2132,Aggressive,0.7,351
2133,Random,-0.2,500
2134,Conservative,2.55,500
2135,Aggressive,2.2,500
2136,Aggressive,0.05,170
2137,Aggressive,2.15,500
2138,Conservative,2.65,500
2139,Aggressive,0.05,291
2140,Conservative,2.65,500
2141,Aggressive,2.7,500
2142,Aggressive,0.9,433
2143,Conservative,2.65,500
2144,Aggressive,0.2,214
2145,Conservative,2.55,500
2146,Aggressive,2.0,500
2147,Aggressive,2.55,500
2148,ValueBuyer,-0.15,258
2149,ValueBuyer,2.4,500
2150,Aggressive,2.5,500
2151,ValueBuyer,0.3,182
2152,Conservative,2.35,500
2153,Aggressive,0.4,196
2154,ValueBuyer,2.55,500
2155,Random,-0.4,252
2156,Aggressive,2.3,500
2157,ValueBuyer,-0.5,158
2158,Aggressive,0.0,211
2159,Aggressive,2.0,500
2160,Random,2.4,500
2161,Aggressive,2.15,500
2162,Random,2.6,500
2163,Conservative,2.5,500
2164,ValueBuyer,2.4,500
2165,Aggressive,2.4,500
2166,Aggressive,2.35,500
2167,Conservative,2.35,500
2168,Aggressive,2.45,500
2169,Aggressive,2.35,500
2170,Conservative,2.25,500
2171,Conservative,2.45,500
2172,ValueBuyer,-0.1,179
2173,Aggressive,0.15,207
2174,Aggressive,0.65,466
2175,Conservative,2.5,500
2176,Random,2.45,500
2177,Aggressive,2.25,500
2178,ValueBuyer,2.5,500
2179,ValueBuyer,0.55,282
2180,Aggressive,2.3,500
2181,Random,1.0,467
2182,Aggressive,-0.5,193
2183,Random,3.1,500
2184,Aggressive,-0.25,181
2185,Aggressive,2.6,500
2186,Aggressive,2.7,500
2187,ValueBuyer,2.5,500
2188,Aggressive,2.45,500
2189,Aggressive,2.35,500
2190,Aggressive,0.05,154
2191,Aggressive,-0.3,128
2192,Aggressive,2.2,500
2193,Aggressive,2.6,500
2194,Aggressive,2.5,500
2195,Aggressive,2.4,500
2196,Aggressive,2.45,500
2197,Random,2.4,500
2198,Aggressive,0.35,230
2199,Conservative,2.45,500
2200,Conservative,2.5,500
2201,Aggressive,-0.1,172
2202,ValueBuyer,-0.15,190
2203,Aggressive,2.15,500
2204,Aggressive,2.3,500
2205,Aggressive,0.2,209
2206,ValueBuyer,2.5,500
2207,Conservative,2.5,500
2208,Aggressive,2.2,500
2209,ValueBuyer,0.6,252
2210,ValueBuyer,2.55,500
2211,ValueBuyer,2.15,500
2212,ValueBuyer,2.15,500
2213,Aggressive,0.05,250
2214,Aggressive,-0.45,448
2215,Aggressive,2.1,500
2216,Aggressive,2.4,500
2217,Aggressive,2.6,500
2218,ValueBuyer,0.35,329
2219,ValueBuyer,1.95,500
2220,Aggressive,2.7,500
2221,Conservative,2.45,500
2222,ValueBuyer,0.9,277
2223,Aggressive,2.3,500
2224,Conservative,2.6,500
2225,Aggressive,1.05,326
2226,Aggressive,2.0,500
2227,Conservative,2.7,500
2228,Conservative,2.4,500
2229,ValueBuyer,2.15,500
2230,Aggressive,2.3,500
2231,Conservative,2.65,500
2232,Conservative,2.4,500
2233,Aggressive,2.35,500
2234,Conservative,2.5,500
2235,Conservative,2.4,500
2236,Conservative,2.75,500
2237,ValueBuyer,0.65,306
2238,Conservative,2.35,500
2239,Aggressive,2.4,500
2240,ValueBuyer,-0.4,123
2241,Conservative,2.3,500
2242,Aggressive,1.35,371
2243,Aggressive,2.3,500
2244,Conservative,2.6,500
2245,Aggressive,0.25,259
2246,ValueBuyer,2.35,500
2247,Conservative,2.6,500
2248,ValueBuyer,0.15,163
2249,Aggressive,2.05,500
2250,Conservative,2.45,500
2251,Aggressive,2.55,500
2252,ValueBuyer,0.45,261
2253,Aggressive,2.65,500
2254,ValueBuyer,2.25,500
2255,Conservative,3.05,500
2256,ValueBuyer,2.4,500
2257,ValueBuyer,0.35,291
2258,Aggressive,2.35,500
2259,Conservative,2.25,500
2260,Aggressive,2.35,500
2261,Aggressive,2.3,500
2262,Aggressive,-0.4,219
2263,Aggressive,2.4,500
2264,ValueBuyer,-0.15,144
2265,Conservative,2.6,500
2266,ValueBuyer,2.15,500
2267,Aggressive,2.3,500
2268,Aggressive,-0.2,164
2269,ValueBuyer,0.05,136
2270,Aggressive,2.1,500
2271,ValueBuyer,3.2,500
2272,Aggressive,-0.2,148
2273,ValueBuyer,2.35,500
2274,Aggressive,0.45,255
2275,Conservative,2.45,500
2276,Random,2.05,500
2277,Random,0.35,389
2278,Random,0.0,201
2279,ValueBuyer,2.05,500
2280,Conservative,2.45,500
2281,ValueBuyer,2.4,500
2282,Aggressive,2.05,500
2283,Aggressive,2.5,500
2284,ValueBuyer,2.35,500
2285,Aggressive,2.65,500
2286,Random,0.35,256
2287,Aggressive,-0.05,194
2288,Aggressive,-0.1,169
2289,Conservative,2.45,500
2290,ValueBuyer,0.3,339
2291,Aggressive,0.05,242
2292,Conservative,2.25,500
2293,Conservative,2.8,500
2294,ValueBuyer,2.35,500
2295,Aggressive,2.05,500
2296,Conservative,2.1,500
2297,ValueBuyer,2.4,500
2298,Aggressive,0.3,349
2299,Aggressive,2.4,500
2300,Aggressive,-0.35,163
2301,Random,1.9,500
2302,Random,0.7,500
2303,Aggressive,2.2,500
2304,ValueBuyer,2.6,500
2305,Conservative,2.05,500
2306,Aggressive,2.1,500
2307,Conservative,2.4,500
2308,Conservative,2.35,500
2309,Aggressive,2.55,500
2310,Conservative,2.55,500
2311,Aggressive,2.0,500
2312,Aggressive,-0.55,500
2313,Conservative,2.75,500
2314,Conservative,2.5,500
2315,Aggressive,-0.45,119
2316,ValueBuyer,2.5,500
2317,Conservative,2.65,500
2318,Aggressive,2.55,500
2319,Conservative,2.9,500
2320,Aggressive,-0.55,79
2321,Aggressive,2.15,500
2322,Aggressive,2.5,500
2323,Random,2.25,500
2324,Conservative,2.6,500
2325,ValueBuyer,0.55,239
2326,Conservative,2.2,500
2327,Aggressive,2.05,500
2328,Aggressive,2.25,500
2329,Conservative,2.35,500
2330,Conservative,2.8,500
2331,Aggressive,-0.1,213
2332,Aggressive,0.35,219
2333,Aggressive,0.5,312
2334,Conservative,2.4,500
2335,Aggressive,-0.1,196
2336,Conservative,2.55,500
2337,Aggressive,2.0,500
2338,Aggressive,2.4,500
2339,Aggressive,2.25,500
2340,Random,2.25,500
2341,Random,-0.15,187
2342,Random,2.3,500
2343,Conservative,2.5,500
2344,Conservative,2.65,500
2345,ValueBuyer,2.45,500
2346,Conservative,2.55,500
2347,Aggressive,2.25,500
2348,ValueBuyer,1.85,500
2349,Aggressive,-0.25,167
2350,ValueBuyer,-0.45,262
2351,Aggressive,-0.05,172
2352,ValueBuyer,2.1,500
2353,ValueBuyer,3.0,500
2354,Aggressive,2.3,500
2355,Conservative,2.5,500
2356,Aggressive,2.65,500
2357,Aggressive,0.95,438
2358,ValueBuyer,0.0,281
2359,Random,2.3,500
2360,Conservative,2.45,500
2361,Random,1.3,336
2362,Aggressive,2.4,500
2363,Aggressive,2.3,500
2364,Aggressive,0.2,168
2365,Aggressive,2.4,500
2366,ValueBuyer,2.5,500
2367,Aggressive,2.4,500
2368,ValueBuyer,2.35,500
2369,Aggressive,2.6,500
2370,Aggressive,0.25,207
2371,Conservative,2.65,500
2372,Aggressive,-0.6,179
2373,Conservative,2.45,500
2374,Aggressive,0.8,306
2375,Conservative,2.35,500
2376,Conservative,2.35,500
2377,Aggressive,0.3,274
2378,Conservative,2.45,500
2379,Conservative,2.45,500
2380,Conservative,2.5,500
2381,Aggressive,0.9,270
2382,Conservative,2.7,500
2383,ValueBuyer,2.7,500
2384,ValueBuyer,-0.4,121
2385,Aggressive,2.15,500
2386,Aggressive,3.4,500
2387,Aggressive,0.35,298
2388,Aggressive,1.95,500
2389,Aggressive,-0.4,146
2390,ValueBuyer,-0.05,215
2391,Conservative,2.75,500
2392,Aggressive,2.15,500
2393,Random,2.05,500
2394,Aggressive,2.65,500
2395,Aggressive,2.2,500
2396,ValueBuyer,2.4,500
2397,Random,2.3,500
2398,Conservative,2.45,500
2399,Aggressive,-0.2,117
2400,Conservative,2.65,500
2401,Conservative,2.4,500
2402,ValueBuyer,-0.25,434
2403,Aggressive,-0.45,103
2404,ValueBuyer,0.15,230
2405,ValueBuyer,-0.15,144
2406,Aggressive,2.15,500
2407,Aggressive,0.75,331
2408,Conservative,2.55,500
2409,Aggressive,0.3,310
2410,Aggressive,-0.3,178
2411,Aggressive,0.25,163
2412,Random,0.25,209
2413,Aggressive,-0.1,207
2414,Conservative,2.3,500
2415,Conservative,2.6,500
2416,Aggressive,2.15,500
2417,ValueBuyer,2.45,500
2418,Conservative,2.5,500
2419,Aggressive,-0.35,241
2420,Aggressive,2.4,500
2421,Aggressive,-0.4,127
2422,ValueBuyer,-0.2,348
2423,Conservative,2.7,500
2424,Aggressive,2.2,500
2425,Aggressive,0.6,416
2426,Conservative,2.5,500
2427,ValueBuyer,-0.2,169
2428,Conservative,2.4,500
2429,ValueBuyer,2.2,500
2430,Aggressive,0.0,266
2431,ValueBuyer,2.4,500
2432,Aggressive,-0.15,110
2433,Conservative,2.55,500
2434,Aggressive,-0.25,230
2435,ValueBuyer,2.4,500
2436,Aggressive,0.35,500
2437,ValueBuyer,0.15,293
2438,Aggressive,0.2,213
2439,ValueBuyer,2.35,500
2440,Conservative,2.2,500
2441,Conservative,2.2,500
2442,Conservative,2.2,500
2443,ValueBuyer,0.05,281
2444,ValueBuyer,2.65,500
2445,Aggressive,1.05,350
2446,Conservative,2.25,500
2447,ValueBuyer,1.95,500
2448,Aggressive,2.1,500
2449,Conservative,2.35,500
2450,ValueBuyer,-0.25,298
2451,Conservative,2.45,500
2452,Aggressive,2.65,500
2453,Aggressive,2.05,500
2454,Conservative,2.4,500
2455,ValueBuyer,0.35,264
2456,Aggressive,0.25,156
2457,ValueBuyer,0.6,356
2458,ValueBuyer,2.2,500
2459,ValueBuyer,2.35,500
2460,Aggressive,1.35,447
2461,Aggressive,2.25,500
2462,Aggressive,0.15,252
2463,ValueBuyer,2.55,500
2464,Aggressive,2.4,500
2465,Aggressive,-0.05,183
2466,Aggressive,2.4,500
2467,Conservative,2.4,500
2468,Conservative,2.35,500
2469,Aggressive,2.25,500
2470,ValueBuyer,2.35,500
2471,ValueBuyer,2.75,500
2472,Conservative,2.75,500
2473,Aggressive,2.2,500
2474,Aggressive,1.95,500
2475,Conservative,2.4,500
2476,Conservative,2.5,500
2477,Conservative,2.35,500
2478,Aggressive,2.7,500
2479,Conservative,2.4,500
2480,ValueBuyer,2.5,500
2481,Aggressive,0.4,247
2482,ValueBuyer,0.1,277
2483,Aggressive,0.95,343
2484,Conservative,2.5,500
2485,Aggressive,2.2,500
2486,ValueBuyer,0.35,218
2487,ValueBuyer,2.4,500
2488,Aggressive,0.55,289
2489,Conservative,2.35,500
2490,Conservative,2.55,500
2491,ValueBuyer,2.05,500
2492,Aggressive,2.2,500
2493,Random,-0.25,500
2494,Conservative,2.3,500
2495,Conservative,2.55,500
2496,Aggressive,2.3,500
2497,Aggressive,2.75,500
2498,ValueBuyer,0.4,237
2499,Aggressive,-0.5,313
2500,Aggressive,2.4,500
2501,Aggressive,2.15,500
2502,Aggressive,0.35,155
2503,Aggressive,-0.1,224
2504,Aggressive,0.1,269
2505,Aggressive,2.2,500
2506,Aggressive,1.95,500
2507,Aggressive,1.4,500
2508,Conservative,2.25,500
2509,Conservative,2.5,500
2510,Conservative,2.3,500
2511,Aggressive,2.3,500
2512,Aggressive,0.5,304
2513,Aggressive,0.1,215
2514,ValueBuyer,-0.1,115
2515,Conservative,2.25,500
2516,Aggressive,2.3,500
2517,Aggressive,0.3,260
2518,ValueBuyer,-0.25,188
2519,Aggressive,2.8,500
2520,Conservative,2.1,500
2521,Random,-0.5,192
2522,Conservative,2.6,500
2523,Aggressive,2.0,500
2524,Aggressive,2.2,500
2525,Aggressive,0.15,223
2526,Random,2.25,500
2527,Conservative,2.5,500
2528,Aggressive,0.1,279
2529,ValueBuyer,-0.05,232
2530,Aggressive,2.7,500
2531,Aggressive,2.45,500
2532,Conservative,2.25,500
2533,Aggressive,0.45,500
2534,Conservative,2.7,500
2535,Aggressive,-0.3,150
2536,Conservative,2.15,500
2537,Conservative,2.15,500
2538,Random,2.5,500
2539,Conservative,2.2,500
2540,Aggressive,1.1,398
2541,Aggressive,2.3,500
2542,Aggressive,-0.1,94
2543,ValueBuyer,-0.05,314
2544,Aggressive,2.4,500
2545,Conservative,2.45,500
2546,ValueBuyer,-0.1,349
2547,Random,0.7,435
2548,Aggressive,1.0,294
2549,ValueBuyer,0.05,246
2550,Aggressive,0.7,264
2551,ValueBuyer,2.35,500
2552,Conservative,2.55,500
2553,Conservative,2.55,500
2554,Aggressive,2.2,500
2555,Aggressive,1.95,500
2556,Aggressive,-0.2,202
2557,Conservative,3.8,500
2558,Aggressive,-0.05,169
2559,Random,2.6,500
2560,Conservative,2.4,500
2561,Aggressive,-0.15,185
2562,Random,0.55,252
2563,ValueBuyer,2.35,500
2564,ValueBuyer,2.3,500
2565,ValueBuyer,2.35,500
2566,Aggressive,2.2,500
2567,Conservative,2.7,500
2568,Random,2.4,500
2569,Conservative,2.1,500
2570,Aggressive,-0.35,295
2571,Aggressive,1.05,402
2572,Conservative,2.2,500
2573,Aggressive,2.45,500
2574,Aggressive,2.25,500
2575,ValueBuyer,2.15,500
2576,Aggressive,0.6,279
2577,Aggressive,0.3,213
2578,Conservative,2.2,500
2579,Aggressive,2.25,500
2580,Aggressive,-0.15,106
2581,ValueBuyer,0.6,282
2582,Conservative,1.3,185
2583,Aggressive,2.3,500
2584,ValueBuyer,-0.25,135
2585,Aggressive,-0.35,141
2586,ValueBuyer,0.05,215
2587,Aggressive,1.5,376
2588,Aggressive,0.05,147
2589,Conservative,2.6,500
2590,ValueBuyer,2.05,500
2591,ValueBuyer,2.4,500
2592,ValueBuyer,-0.45,193
2593,Conservative,2.45,500
2594,ValueBuyer,-0.4,198
2595,Aggressive,2.7,500
2596,ValueBuyer,4.1,500
2597,Aggressive,-0.05,181
2598,ValueBuyer,2.5,500
2599,Aggressive,2.3,500
2600,Conservative,2.45,500
2601,Aggressive,2.2,500
2602,Aggressive,0.1,211
2603,ValueBuyer,2.25,500
2604,ValueBuyer,2.0,500
2605,Aggressive,2.45,500
2606,Aggressive,0.15,246
2607,Aggressive,2.0,500
2608,Aggressive,2.15,500
2609,ValueBuyer,2.4,500
2610,Aggressive,2.15,500
2611,Conservative,2.25,500
2612,Aggressive,0.15,249
2613,Aggressive,1.15,339
2614,Conservative,2.6,500
2615,Aggressive,2.4,500
2616,ValueBuyer,2.5,500
2617,Aggressive,0.0,148
2618,Random,2.35,500
2619,ValueBuyer,0.3,206
2620,Conservative,2.15,500
2621,ValueBuyer,-0.35,91
2622,Aggressive,0.35,255
2623,Aggressive,2.15,500
2624,Aggressive,2.15,500
2625,Aggressive,2.4,500
2626,Aggressive,2.55,500
2627,Conservative,2.4,500
2628,Aggressive,0.25,295
2629,Random,2.15,500
2630,Aggressive,-0.4,500
2631,Conservative,2.55,500
2632,Aggressive,2.15,500
2633,Aggressive,2.5,500
2634,Aggressive,2.4,500
2635,Conservative,2.5,500
2636,Aggressive,-0.4,283
2637,Aggressive,2.25,500
2638,Aggressive,2.3,500
2639,ValueBuyer,2.45,500
2640,Aggressive,2.2,500
2641,Aggressive,2.5,500
2642,Aggressive,0.45,339
2643,Aggressive,2.45,500
2644,ValueBuyer,-0.1,279
2645,Aggressive,-0.05,158
2646,ValueBuyer,2.2,500
2647,ValueBuyer,-0.35,202
2648,ValueBuyer,2.3,500
2649,Aggressive,2.4,500
2650,Random,2.4,500
2651,Conservative,2.4,500
2652,ValueBuyer,0.05,171
2653,Aggressive,-0.3,158
2654,ValueBuyer,2.2,500
2655,Aggressive,2.3,500
2656,Aggressive,2.4,500
2657,ValueBuyer,1.45,484
2658,ValueBuyer,0.15,232
2659,Aggressive,-0.05,342
2660,Conservative,2.6,500
2661,Conservative,2.7,500
2662,ValueBuyer,0.65,477
2663,Conservative,2.5,500
2664,ValueBuyer,-0.4,249
2665,ValueBuyer,0.15,198
2666,Aggressive,2.2,500
2667,Conservative,2.65,500
2668,Conservative,2.15,500
2669,Aggressive,2.4,500
2670,ValueBuyer,2.4,500
2671,Random,2.35,500
2672,Aggressive,2.15,500
2673,Aggressive,0.45,219
2674,Conservative,2.6,500
2675,Aggressive,-0.1,256
2676,Aggressive,2.2,500
2677,Conservative,2.5,500
2678,ValueBuyer,2.25,500
2679,Conservative,2.6,500
2680,Aggressive,0.3,274
2681,Aggressive,0.2,222
2682,Conservative,2.35,500
2683,Random,-0.45,299
2684,Aggressive,-0.1,294
2685,Conservative,2.4,500
2686,ValueBuyer,0.25,209
2687,Aggressive,2.1,500
2688,Aggressive,2.05,500
2689,ValueBuyer,2.2,500
2690,Aggressive,2.4,500
2691,Aggressive,2.3,500
2692,Conservative,2.55,500
2693,ValueBuyer,-0.25,241
2694,Aggressive,0.3,259
2695,Aggressive,2.5,500
2696,Aggressive,2.3,500
2697,Conservative,2.6,500
2698,ValueBuyer,-0.1,186
2699,ValueBuyer,2.0,500
2700,ValueBuyer,0.55,248
2701,Aggressive,0.2,246
2702,Conservative,2.55,500
2703,ValueBuyer,2.15,500
2704,Random,0.35,211
2705,Aggressive,-0.5,151
2706,Aggressive,2.0,500
2707,Aggressive,2.5,500
2708,Aggressive,2.35,500
2709,Aggressive,0.7,310
2710,Aggressive,2.5,500
2711,Conservative,2.25,500
2712,Aggressive,-0.05,169
2713,Aggressive,0.1,229
2714,Conservative,2.7,500
2715,Conservative,2.45,500
2716,Aggressive,-0.15,152
2717,Aggressive,-0.35,262
2718,Random,2.05,500
2719,Aggressive,0.9,441
2720,Conservative,2.1,500
2721,Aggressive,2.55,500
2722,ValueBuyer,2.5,500
2723,Conservative,2.7,500
2724,Random,-0.15,500
2725,Aggressive,2.45,500
2726,Aggressive,0.2,263
2727,Conservative,2.15,500
2728,Aggressive,2.4,500
2729,ValueBuyer,2.5,500
2730,Aggressive,-0.55,500
2731,Aggressive,0.15,219
2732,Aggressive,3.25,500
2733,Aggressive,2.4,500
2734,Conservative,2.45,500
2735,Conservative,2.5,500
2736,Aggressive,2.8,500
2737,Aggressive,2.1,500
2738,Conservative,2.55,500
2739,ValueBuyer,2.15,500
2740,Aggressive,0.55,265
2741,Aggressive,2.05,500
2742,Conservative,2.1,500
2743,ValueBuyer,-0.3,141
2744,Aggressive,0.95,340
2745,Random,0.75,312
2746,Random,0.4,303
2747,Random,2.25,500
2748,Conservative,2.75,500
2749,ValueBuyer,1.95,500
2750,Aggressive,2.3,500
2751,Conservative,2.45,500
2752,ValueBuyer,2.2,500
2753,Aggressive,2.2,500
2754,Random,-0.4,500
2755,Random,1.05,460
2756,ValueBuyer,2.3,500
2757,Conservative,2.45,500
2758,Random,2.15,500
2759,ValueBuyer,0.2,180
2760,ValueBuyer,-0.45,120
2761,Aggressive,2.4,500
2762,ValueBuyer,2.4,500
2763,Aggressive,2.3,500
2764,ValueBuyer,2.3,500
2765,Conservative,2.55,500
2766,Conservative,2.6,500
2767,ValueBuyer,2.1,500
2768,ValueBuyer,2.45,500
2769,Conservative,2.3,500
2770,Aggressive,0.4,313
2771,ValueBuyer,2.55,500
2772,Random,2.4,500
2773,ValueBuyer,2.25,500
2774,ValueBuyer,0.15,435
2775,Aggressive,0.25,235
2776,Aggressive,2.25,500
2777,ValueBuyer,1.85,500
2778,Conservative,2.55,500
2779,ValueBuyer,2.5,500
2780,Conservative,2.5,500
2781,Aggressive,0.0,181
2782,Conservative,2.6,500
2783,Aggressive,-0.45,500
2784,Aggressive,-0.15,257
2785,Conservative,2.4,500
2786,Aggressive,2.1,500
2787,Aggressive,-0.05,203
2788,ValueBuyer,0.05,171
2789,Aggressive,2.35,500
2790,Aggressive,2.65,500
2791,ValueBuyer,2.35,500
2792,Aggressive,2.4,500
2793,Aggressive,1.95,397
2794,Aggressive,0.45,313
2795,Aggressive,-0.4,116
2796,Aggressive,2.55,500
2797,Aggressive,2.2,500
2798,Aggressive,2.3,500
2799,ValueBuyer,1.8,500
2800,Aggressive,2.25,500
2801,Conservative,2.65,500
2802,Aggressive,-0.45,315
2803,Conservative,2.75,500
2804,Random,2.25,500
2805,Aggressive,2.45,500
2806,ValueBuyer,0.45,286
2807,Aggressive,2.15,500
2808,ValueBuyer,1.9,500
2809,ValueBuyer,-0.35,176
2810,Conservative,2.25,500
2811,Aggressive,-0.45,391
2812,ValueBuyer,1.1,406
2813,Conservative,2.35,500
2814,Aggressive,2.4,500
2815,ValueBuyer,-0.25,122
2816,Conservative,2.3,500
2817,Conservative,2.55,500
2818,ValueBuyer,0.2,187
2819,Aggressive,2.45,500
2820,Conservative,2.6,500
2821,Aggressive,2.1,500
2822,Aggressive,-0.3,124
2823,Aggressive,2.2,500
2824,ValueBuyer,2.05,500
2825,Random,2.3,500
2826,Aggressive,2.1,500
2827,ValueBuyer,0.2,304
2828,Conservative,2.45,500
2829,Random,2.2,500
2830,ValueBuyer,0.95,380
2831,Aggressive,2.2,500
2832,Aggressive,-0.1,186
2833,Aggressive,2.3,500
2834,Conservative,2.35,500
2835,Random,0.8,415
2836,Aggressive,2.45,500
2837,Aggressive,1.35,455
2838,Aggressive,2.55,500
2839,ValueBuyer,2.45,500
2840,Conservative,2.65,500
2841,Aggressive,2.3,500
2842,Aggressive,2.5,500
2843,ValueBuyer,0.0,196
2844,Random,2.4,500
2845,Conservative,2.25,500
2846,Aggressive,1.05,500
2847,Conservative,2.4,500
2848,Aggressive,-0.3,166
2849,Aggressive,2.65,500
2850,ValueBuyer,0.1,179
2851,Conservative,2.45,500
2852,Conservative,2.25,500
2853,Conservative,2.35,500
2854,Aggressive,2.5,500
2855,ValueBuyer,-0.05,166
2856,Conservative,2.85,500
2857,Random,-0.2,173
2858,Aggressive,0.3,267
2859,ValueBuyer,2.15,500
2860,Aggressive,2.25,500
2861,Random,2.0,500
2862,Aggressive,0.1,225
2863,Aggressive,-0.1,500
2864,Aggressive,3.45,500
2865,ValueBuyer,2.1,500
2866,Conservative,2.3,500
2867,Random,2.4,500
2868,Conservative,2.45,500
2869,Conservative,2.35,500
2870,Aggressive,-0.35,437
2871,Aggressive,1.9,500
2872,Aggressive,0.4,270
2873,Aggressive,-0.6,110
2874,ValueBuyer,0.05,186
2875,Aggressive,2.2,500
2876,Aggressive,0.25,214
2877,Aggressive,2.65,500
2878,ValueBuyer,-0.05,238
2879,ValueBuyer,2.25,500
2880,Conservative,2.5,500
2881,Aggressive,2.3,500
2882,Conservative,2.25,500
2883,Conservative,2.1,500
2884,Random,0.35,439
2885,Aggressive,2.65,500
2886,Aggressive,2.1,500
2887,Aggressive,0.1,314
2888,Conservative,2.8,500
2889,ValueBuyer,2.35,500
2890,Random,2.0,500
2891,Conservative,2.4,500
2892,Random,2.15,500
2893,Conservative,2.45,500
2894,Conservative,2.35,500
2895,Aggressive,2.1,500
2896,ValueBuyer,2.3,500
2897,Aggressive,0.05,188
2898,Conservative,2.2,500
2899,ValueBuyer,-0.25,342
2900,Aggressive,2.4,500
2901,Conservative,2.1,500
2902,Random,0.15,354
2903,Aggressive,2.3,500
2904,Conservative,2.6,500
2905,Conservative,2.4,500
2906,Conservative,2.6,500
2907,Aggressive,-0.15,142
2908,Aggressive,-0.4,245
2909,Aggressive,-0.15,362
2910,Conservative,2.3,500
2911,Aggressive,0.25,166
2912,Aggressive,2.5,500
2913,ValueBuyer,-0.15,157
2914,Aggressive,-0.2,125
2915,Aggressive,2.2,500
2916,Conservative,2.4,500
2917,Random,0.85,430
2918,Aggressive,-0.15,325
2919,ValueBuyer,0.6,283
2920,Conservative,2.5,500
2921,Aggressive,2.15,500
2922,Aggressive,-0.1,146
2923,Aggressive,0.3,294
2924,Aggressive,0.5,500
2925,Aggressive,-0.1,172
2926,ValueBuyer,2.1,500
2927,ValueBuyer,-0.3,156
2928,Aggressive,2.4,500
2929,ValueBuyer,2.4,500
2930,Conservative,2.4,500
2931,ValueBuyer,2.3,500
2932,Conservative,2.65,500
2933,Conservative,2.3,500
2934,Aggressive,-0.35,239
2935,Conservative,2.5,500
2936,ValueBuyer,-0.35,313
2937,Conservative,2.35,500
2938,Conservative,2.55,500
2939,Aggressive,-0.4,500
2940,Random,2.15,500
2941,ValueBuyer,0.0,284
2942,ValueBuyer,0.15,236
2943,Aggressive,0.25,243
2944,Conservative,2.35,500
2945,Aggressive,2.15,500
2946,Aggressive,2.25,500
2947,Aggressive,2.3,500
2948,Aggressive,2.25,500
2949,Aggressive,2.65,500
2950,Aggressive,2.5,500
2951,Conservative,2.5,500
2952,Aggressive,1.55,433
2953,Random,2.25,500
2954,Aggressive,2.3,500
2955,Conservative,2.45,500
2956,Conservative,2.5,500
2957,Aggressive,2.25,500
2958,Aggressive,1.15,422
2959,Conservative,2.65,500
2960,ValueBuyer,2.25,500
2961,Aggressive,2.5,500
2962,Aggressive,2.2,500
2963,ValueBuyer,0.05,147
2964,Conservative,2.45,500
2965,Aggressive,1.6,435
2966,ValueBuyer,2.05,500
2967,Conservative,2.35,500
2968,ValueBuyer,-0.1,217
2969,ValueBuyer,-0.3,134
2970,Aggressive,-0.25,138
2971,ValueBuyer,2.35,500
2972,Aggressive,0.15,238
2973,ValueBuyer,2.25,500
2974,Random,2.3,500
2975,Random,2.1,500
2976,Aggressive,2.55,500
2977,ValueBuyer,0.0,231
2978,Random,-0.05,500
2979,Aggressive,2.15,500
2980,ValueBuyer,2.25,500
2981,Aggressive,2.5,500
2982,Random,2.6,500
2983,Random,2.45,500
2984,Conservative,2.35,500
2985,ValueBuyer,0.55,290
2986,Aggressive,2.35,500
2987,ValueBuyer,2.2,500
2988,Random,2.25,500
2989,Conservative,2.5,500
2990,Conservative,2.25,500
2991,ValueBuyer,-0.35,98
2992,ValueBuyer,0.3,216
2993,Aggressive,2.65,500
2994,Aggressive,0.95,327
2995,Aggressive,2.15,500
2996,Aggressive,0.1,188
2997,Random,2.3,500
2998,Aggressive,2.15,500
2999,Conservative,2.7,500
